episode,avg_reward
0,-544.0
1,-539.5
2,-535.3333333333334
3,-560.25
4,-537.8
5,-527.0
6,-520.0
7,-519.0
8,-508.22222222222223
9,-500.2
10,-494.45454545454544
11,-495.6666666666667
12,-494.2307692307692
13,-488.64285714285717
14,-488.6666666666667
15,-494.25
16,-489.5882352941176
17,-488.1666666666667
18,-485.3157894736842
19,-481.75
20,-481.5238095238095
21,-484.8181818181818
22,-482.30434782608694
23,-481.4583333333333
24,-479.96
25,-479.0
26,-477.74074074074076
27,-482.7857142857143
28,-479.62068965517244
29,-483.7
30,-481.4516129032258
31,-481.1875
32,-481.42424242424244
33,-480.38235294117646
34,-480.14285714285717
35,-480.52777777777777
36,-479.7027027027027
37,-477.7631578947368
38,-475.6923076923077
39,-473.825
40,-473.219512195122
41,-472.2857142857143
42,-474.25581395348837
43,-474.75
44,-475.68888888888887
45,-473.9782608695652
46,-472.9574468085106
47,-470.9166666666667
48,-469.2857142857143
49,-466.96
50,-467.0
51,-465.84615384615387
52,-464.5660377358491
53,-464.037037037037
54,-463.3090909090909
55,-463.60714285714283
56,-462.42105263157896
57,-462.2068965517241
58,-463.8135593220339
59,-463.45
60,-463.9672131147541
61,-463.64516129032256
62,-462.8412698412698
63,-463.34375
64,-462.5076923076923
65,-460.8181818181818
66,-460.8358208955224
67,-460.3970588235294
68,-461.15942028985506
69,-461.6714285714286
70,-461.92957746478874
71,-461.80555555555554
72,-461.16438356164383
73,-461.47297297297297
74,-461.9866666666667
75,-462.4078947368421
76,-463.14285714285717
77,-463.44871794871796
78,-463.4810126582278
79,-463.6875
80,-463.4074074074074
81,-461.5609756097561
82,-461.32530120481925
83,-461.1904761904762
84,-461.88235294117646
85,-461.1744186046512
86,-461.51724137931035
87,-461.71590909090907
88,-460.8876404494382
89,-461.5444444444444
90,-460.8901098901099
91,-460.35869565217394
92,-460.2258064516129
93,-458.8829787234043
94,-458.4421052631579
95,-458.6979166666667
96,-461.12371134020617
97,-461.5
98,-461.80808080808083
99,-460.87
100,-460.81188118811883
101,-462.2352941176471
102,-463.3592233009709
103,-463.13461538461536
104,-462.81904761904764
105,-465.2641509433962
106,-464.803738317757
107,-464.5833333333333
108,-464.88990825688074
109,-465.3818181818182
110,-465.07207207207205
111,-464.70535714285717
112,-464.50442477876106
113,-463.92105263157896
114,-463.7391304347826
115,-463.82758620689657
116,-463.6752136752137
117,-463.0508474576271
118,-463.02521008403363
119,-462.90833333333336
120,-463.20661157024796
121,-462.8114754098361
122,-462.739837398374
123,-462.35483870967744
124,-462.104
125,-461.8333333333333
126,-461.46456692913387
127,-461.625
128,-461.3410852713178
129,-461.4307692307692
130,-460.6106870229008
131,-460.2651515151515
132,-460.7368421052632
133,-460.3059701492537
134,-459.43703703703704
135,-459.56617647058823
136,-458.5985401459854
137,-458.7608695652174
138,-458.863309352518
139,-458.6357142857143
140,-459.0851063829787
141,-458.90845070422534
142,-458.5524475524476
143,-458.47222222222223
144,-458.1310344827586
145,-457.8972602739726
146,-457.4829931972789
147,-456.94594594594594
148,-457.02013422818794
149,-456.5466666666667
150,-456.9006622516556
151,-456.24342105263156
152,-456.1372549019608
153,-455.64285714285717
154,-455.3483870967742
155,-455.2371794871795
156,-455.12738853503186
157,-455.246835443038
158,-454.9496855345912
159,-455.89375
160,-455.72670807453414
161,-455.5617283950617
162,-455.2453987730061
163,-454.9756097560976
164,-455.27272727272725
165,-455.39156626506025
166,-454.9580838323353
167,-454.8452380952381
168,-454.64497041420117
169,-455.0176470588235
170,-454.3567251461988
171,-454.24418604651163
172,-453.7456647398844
173,-453.91954022988506
174,-453.96
175,-453.75
176,-453.98870056497174
177,-453.7977528089888
178,-453.23463687150837
179,-452.90555555555557
180,-452.76795580110496
181,-452.8021978021978
182,-452.89617486338796
183,-452.6847826086956
184,-452.74594594594595
185,-452.5
186,-452.57754010695186
187,-452.42021276595744
188,-452.0740740740741
189,-451.9421052631579
190,-451.565445026178
191,-450.1041666666667
192,-450.0621761658031
193,-449.5360824742268
194,-449.5846153846154
195,-449.2448979591837
196,-449.3553299492386
197,-449.3838383838384
198,-449.0603015075377
199,-448.99
200,-448.8606965174129
201,-448.8267326732673
202,-448.9064039408867
203,-448.87745098039215
204,-448.73658536585367
205,-448.36407766990294
206,-447.8937198067633
207,-447.7932692307692
208,-447.5837320574163
209,-447.44761904761907
210,-447.28909952606637
211,-447.3018867924528
212,-447.6901408450704
213,-448.06542056074767
214,-448.2604651162791
215,-447.8240740740741
216,-447.963133640553
217,-447.8211009174312
218,-447.6986301369863
219,-447.78636363636366
220,-447.47058823529414
221,-446.14864864864865
222,-446.3542600896861
223,-446.41964285714283
224,-446.38666666666666
225,-446.1592920353982
226,-445.98237885462555
227,-445.67105263157896
228,-445.70742358078604
229,-445.4260869565217
230,-445.24242424242425
231,-444.78879310344826
232,-444.8755364806867
233,-444.54700854700855
234,-444.31489361702126
235,-444.1398305084746
236,-444.1814345991561
237,-444.49159663865544
238,-444.30543933054395
239,-444.03333333333336
240,-443.61410788381744
241,-443.504132231405
242,-443.5761316872428
243,-443.5245901639344
244,-443.70204081632653
245,-443.5853658536585
246,-442.53846153846155
247,-441.8024193548387
248,-441.7429718875502
249,-441.644
250,-441.39043824701196
251,-441.3690476190476
252,-441.3675889328063
253,-441.33858267716533
254,-441.1764705882353
255,-440.7109375
256,-440.6420233463035
257,-440.6434108527132
258,-440.7065637065637
259,-440.6307692307692
260,-440.32567049808426
261,-440.39312977099235
262,-440.3688212927757
263,-440.0037878787879
264,-439.48301886792456
265,-439.0
266,-438.61423220973785
267,-438.57462686567163
268,-438.5985130111524
269,-438.337037037037
270,-438.0
271,-437.81985294117646
272,-437.96336996337
273,-438.13868613138686
274,-437.8618181818182
275,-437.8188405797101
276,-437.52707581227435
277,-437.28776978417267
278,-436.7921146953405
279,-436.61071428571427
280,-436.69395017793596
281,-436.85460992907804
282,-436.98586572438165
283,-436.8380281690141
284,-436.940350877193
285,-436.83916083916085
286,-436.7560975609756
287,-436.7916666666667
288,-436.57785467128025
289,-436.7310344827586
290,-436.4226804123711
291,-436.29794520547944
292,-436.3617747440273
293,-436.06802721088434
294,-436.1728813559322
295,-436.05405405405406
296,-435.80808080808083
297,-435.80536912751677
298,-435.933110367893
299,-435.93333333333334
300,-435.56478405315613
301,-435.3211920529801
302,-435.45874587458746
303,-435.11842105263156
304,-434.8459016393443
305,-434.76797385620915
306,-434.8371335504886
307,-434.70454545454544
308,-434.8349514563107
309,-435.0806451612903
310,-434.7845659163987
311,-434.49679487179486
312,-434.0479233226837
313,-433.86942675159236
314,-433.85714285714283
315,-433.6993670886076
316,-433.6940063091483
317,-433.8050314465409
318,-433.1692789968652
319,-433.06875
320,-432.98130841121497
321,-432.91614906832297
322,-432.99380804953563
323,-433.0246913580247
324,-433.12
325,-433.29754601226995
326,-433.34250764525996
327,-433.0335365853659
328,-433.1489361702128
329,-433.1060606060606
330,-432.58308157099697
331,-432.5120481927711
332,-432.37537537537537
333,-432.0329341317365
334,-432.03880597014927
335,-431.48214285714283
336,-431.1513353115727
337,-431.26627218934914
338,-431.12389380530976
339,-431.0352941176471
340,-430.6568914956012
341,-430.03801169590645
342,-430.11661807580174
343,-430.25581395348837
344,-429.76521739130436
345,-428.9104046242775
346,-429.028818443804
347,-429.117816091954
348,-429.36962750716333
349,-429.1714285714286
350,-429.2962962962963
351,-429.01420454545456
352,-429.07365439093485
353,-429.1101694915254
354,-429.0197183098592
355,-429.0056179775281
356,-428.95518207282913
357,-428.4106145251397
358,-428.33704735376045
359,-428.1638888888889
360,-428.1218836565097
361,-428.27624309392263
362,-428.1460055096419
363,-428.0631868131868
364,-427.8191780821918
365,-427.8387978142076
366,-427.4441416893733
367,-427.4646739130435
368,-427.4308943089431
369,-427.46216216216214
370,-427.4177897574124
371,-427.3279569892473
372,-427.4504021447721
373,-427.44919786096256
374,-427.38933333333335
375,-427.34574468085106
376,-427.0875331564987
377,-426.96560846560845
378,-426.91820580474933
379,-426.88157894736844
380,-426.6430446194226
381,-426.4895287958115
382,-426.4882506527415
383,-426.1953125
384,-426.0311688311688
385,-425.8756476683938
386,-425.77777777777777
387,-425.5128865979381
388,-425.24421593830334
389,-424.8974358974359
390,-424.8618925831202
391,-425.21683673469386
392,-425.2875318066158
393,-424.46192893401013
394,-424.71898734177216
395,-424.7979797979798
396,-424.992443324937
397,-424.7613065326633
398,-424.15538847117796
399,-424.215
400,-423.66832917705733
401,-423.67164179104475
402,-423.5062034739454
403,-422.96287128712873
404,-422.74074074074076
405,-422.7216748768473
406,-421.4619164619165
407,-421.21813725490193
408,-421.2127139364303
409,-421.1829268292683
410,-421.0778588807786
411,-420.79368932038835
412,-420.5665859564165
413,-420.47584541062804
414,-420.4915662650602
415,-420.46153846153845
416,-420.4652278177458
417,-420.3732057416268
418,-420.17183770883054
419,-420.27142857142854
420,-419.8313539192399
421,-419.6611374407583
422,-419.7068557919622
423,-419.3372641509434
424,-419.30823529411765
425,-419.36384976525824
426,-419.1615925058548
427,-419.07943925233644
428,-419.2144522144522
429,-419.21860465116276
430,-419.14385150812063
431,-418.8425925925926
432,-418.6189376443418
433,-417.85023041474653
434,-417.616091954023
435,-417.2821100917431
436,-416.89473684210526
437,-416.5570776255708
438,-416.4783599088838
439,-416.20681818181816
440,-416.2154195011338
441,-416.35067873303166
442,-415.7088036117382
443,-415.77027027027026
444,-415.6674157303371
445,-415.4932735426009
446,-415.2572706935123
447,-414.953125
448,-414.8619153674833
449,-414.2
450,-414.29046563192907
451,-414.0088495575221
452,-414.083885209713
453,-413.94933920704847
454,-413.82637362637365
455,-413.6688596491228
456,-412.95404814004377
457,-413.0349344978166
458,-413.0958605664488
459,-413.14565217391305
460,-413.0303687635575
461,-412.96320346320346
462,-412.889848812095
463,-412.4310344827586
464,-411.789247311828
465,-411.27682403433477
466,-411.458244111349
467,-411.4230769230769
468,-411.2366737739872
469,-411.06808510638297
470,-410.8259023354565
471,-410.5550847457627
472,-410.42283298097254
473,-410.40506329113924
474,-409.85263157894735
475,-409.7457983193277
476,-409.7002096436059
477,-409.71338912133893
478,-409.79749478079333
479,-409.73333333333335
480,-409.6964656964657
481,-409.46473029045643
482,-409.53209109730847
483,-409.2376033057851
484,-408.91340206185566
485,-408.88683127572017
486,-408.5893223819302
487,-408.5553278688525
488,-408.49693251533745
489,-407.82244897959185
490,-407.857433808554
491,-407.530487804878
492,-407.32048681541585
493,-406.42914979757086
494,-406.3191919191919
495,-405.9778225806452
496,-405.9215291750503
497,-405.7008032128514
498,-405.62725450901803
499,-405.646
500,-405.1976047904192
501,-405.1553784860558
502,-404.90258449304173
503,-404.87698412698415
504,-404.5762376237624
505,-404.62450592885375
506,-404.44575936883626
507,-404.40354330708664
508,-404.4243614931238
509,-403.70588235294116
510,-403.56947162426616
511,-403.638671875
512,-403.7504873294347
513,-403.81517509727627
514,-403.8
515,-403.6918604651163
516,-403.77369439071566
517,-403.82239382239385
518,-403.7842003853564
519,-403.8673076923077
520,-403.8080614203455
521,-403.823754789272
522,-403.93690248565963
523,-403.82251908396944
524,-403.77714285714285
525,-403.91634980988596
526,-403.6356736242884
527,-403.57007575757575
528,-403.6843100189036
529,-403.27169811320755
530,-403.0828625235405
531,-402.8101503759398
532,-402.7692307692308
533,-402.82771535580525
534,-402.6411214953271
535,-402.42723880597015
536,-402.4953445065177
537,-402.3550185873606
538,-402.29313543599255
539,-402.40185185185186
540,-402.29205175600737
541,-401.93173431734317
542,-401.57274401473296
543,-401.65257352941177
544,-401.7504587155963
545,-401.5
546,-401.2943327239488
547,-401.1678832116788
548,-401.10018214936247
549,-401.02
550,-400.66606170598914
551,-400.6213768115942
552,-400.7649186256781
553,-400.7436823104693
554,-400.43603603603606
555,-400.3974820143885
556,-399.737881508079
557,-399.9910394265233
558,-399.5098389982111
559,-399.45892857142854
560,-399.50623885918003
561,-399.491103202847
562,-398.6412078152753
563,-398.6808510638298
564,-398.6867256637168
565,-398.660777385159
566,-398.347442680776
567,-398.28169014084506
568,-398.09841827768014
569,-397.81929824561405
570,-397.9124343257443
571,-397.84965034965035
572,-397.37696335078533
573,-397.4146341463415
574,-397.20695652173913
575,-396.4270833333333
576,-396.17157712305027
577,-395.9048442906574
578,-395.7910189982729
579,-395.7689655172414
580,-395.0378657487091
581,-395.07216494845363
582,-394.8010291595197
583,-394.4674657534247
584,-394.5401709401709
585,-394.47610921501706
586,-394.1226575809199
587,-394.19557823129253
588,-393.48387096774195
589,-393.23559322033896
590,-392.97800338409473
591,-392.83952702702703
592,-392.6053962900506
593,-392.1868686868687
594,-392.16806722689074
595,-391.8422818791946
596,-391.63651591289783
597,-391.6471571906354
598,-391.4173622704507
599,-391.3616666666667
600,-391.2079866888519
601,-391.1495016611296
602,-390.9950248756219
603,-390.80960264900665
604,-390.61322314049585
605,-390.68151815181517
606,-390.33772652388797
607,-390.29276315789474
608,-389.7832512315271
609,-389.85573770491806
610,-389.77905073649754
611,-389.5147058823529
612,-389.1745513866232
613,-389.2231270358306
614,-389.0813008130081
615,-388.9594155844156
616,-388.5834683954619
617,-388.3915857605178
618,-388.2035541195477
619,-388.10322580645163
620,-387.70692431562
621,-387.0128617363344
622,-387.0770465489567
623,-387.01121794871796
624,-386.7504
625,-386.39297124600637
626,-386.2615629984051
627,-386.3375796178344
628,-386.24165341812403
629,-385.8952380952381
630,-385.540412044374
631,-385.4113924050633
632,-385.49763033175356
633,-385.1167192429022
634,-384.9433070866142
635,-384.8805031446541
636,-384.7409733124019
637,-384.5344827586207
638,-384.21439749608766
639,-383.88125
640,-383.402496099844
641,-383.4190031152648
642,-383.21928460342144
643,-382.97360248447205
644,-382.3209302325581
645,-382.37925696594425
646,-382.05409582689333
647,-382.0524691358025
648,-381.72727272727275
649,-381.33384615384614
650,-381.3271889400922
651,-380.8803680981595
652,-380.7166921898928
653,-380.6192660550459
654,-380.4534351145038
655,-380.5228658536585
656,-380.42922374429224
657,-380.4817629179331
658,-380.2185128983308
659,-380.16818181818184
660,-379.51134644478066
661,-379.3746223564955
662,-378.89592760180994
663,-378.60843373493975
664,-378.6616541353383
665,-378.7282282282282
666,-378.6461769115442
667,-378.6377245508982
668,-378.13303437967113
669,-378.05223880597015
670,-377.9344262295082
671,-378.0833333333333
672,-378.1069836552749
673,-377.98219584569733
674,-378.0014814814815
675,-377.99852071005915
676,-377.9778434268833
677,-377.85840707964604
678,-377.73343151693666
679,-377.83235294117645
680,-377.2819383259912
681,-377.4032258064516
682,-376.64421669106883
683,-376.7309941520468
684,-376.0642335766423
685,-376.06268221574345
686,-375.39592430858806
687,-375.2529069767442
688,-375.31349782293177
689,-375.19565217391306
690,-374.8465991316932
691,-374.70520231213874
692,-374.68831168831167
693,-374.7334293948127
694,-374.37410071942446
695,-374.485632183908
696,-374.4060258249641
697,-373.974212034384
698,-373.89270386266094
699,-373.64
700,-373.7289586305278
701,-373.65669515669515
702,-373.57894736842104
703,-373.5525568181818
704,-373.48794326241136
705,-373.5864022662889
706,-373.2842998585573
707,-373.0762711864407
708,-372.6064880112835
709,-372.4887323943662
710,-372.44866385372717
711,-372.2823033707865
712,-372.140252454418
713,-371.84593837535016
714,-371.7832167832168
715,-371.76675977653633
716,-371.4825662482566
717,-371.56545961002786
718,-371.4367176634214
719,-371.2944444444444
720,-371.3009708737864
721,-371.15373961218836
722,-370.83402489626553
723,-370.6325966850829
724,-370.57103448275865
725,-370.6584022038567
726,-370.38651994497934
727,-370.1291208791209
728,-369.83539094650206
729,-369.58082191780824
730,-369.4322845417237
731,-369.51502732240436
732,-369.1255115961801
733,-368.91961852861033
734,-368.9047619047619
735,-368.6970108695652
736,-368.0583446404342
737,-367.9715447154472
738,-368.1326116373478
739,-367.69864864864866
740,-367.7692307692308
741,-367.7142857142857
742,-367.77523553162854
743,-367.81586021505376
744,-367.32214765100673
745,-367.33780160857907
746,-367.25435073627847
747,-367.2860962566845
748,-367.3871829105474
749,-367.26666666666665
750,-367.2996005326232
751,-367.1329787234043
752,-366.8260292164675
753,-366.81432360742707
754,-366.7006622516556
755,-366.52513227513225
756,-366.5125495376486
757,-366.36147757255935
758,-365.9499341238472
759,-365.5934210526316
760,-365.6478318002628
761,-365.2034120734908
762,-365.23722149410224
763,-365.34685863874347
764,-364.7372549019608
765,-364.32767624020886
766,-364.05215123859193
767,-363.0611979166667
768,-362.85695708712615
769,-362.94415584415583
770,-363.064850843061
771,-362.94948186528495
772,-363.02846054333764
773,-363.00387596899225
774,-363.0335483870968
775,-363.03350515463916
776,-362.9150579150579
777,-362.7133676092545
778,-362.4441591784339
779,-362.3615384615385
780,-362.1754161331626
781,-361.64194373401534
782,-361.2835249042146
783,-361.07142857142856
784,-361.17707006369426
785,-361.00127226463104
786,-360.70775095298603
787,-360.80837563451774
788,-360.58681875792144
789,-360.4746835443038
790,-359.9646017699115
791,-360.06944444444446
792,-359.7856242118537
793,-359.84382871536525
794,-359.8943396226415
795,-359.6645728643216
796,-359.4792973651192
797,-359.54761904761904
798,-359.459324155194
799,-358.83125
800,-358.58302122347067
801,-358.6147132169576
802,-358.20423412204235
803,-357.8681592039801
804,-357.4782608695652
805,-357.4950372208437
806,-357.53407682775713
807,-357.529702970297
808,-357.4017305315204
809,-357.2098765432099
810,-357.11713933415535
811,-357.070197044335
812,-356.6937269372694
813,-356.4336609336609
814,-356.4269938650307
815,-355.8639705882353
816,-355.6291309669523
817,-355.53056234718827
818,-355.6263736263736
819,-355.49756097560976
820,-355.10718635809985
821,-355.10705596107056
822,-354.73876063183474
823,-354.41990291262135
824,-354.34060606060604
825,-354.410411622276
826,-354.2962515114873
827,-354.31280193236717
828,-354.043425814234
829,-354.15783132530123
830,-353.9987966305656
831,-353.74759615384613
832,-353.66506602641056
833,-353.6163069544364
834,-353.25988023952095
835,-353.3086124401914
836,-353.1696535244922
837,-352.9498806682578
838,-353.03814064362336
839,-353.0285714285714
840,-352.9821640903686
841,-352.6377672209026
842,-352.26453143534997
843,-352.2914691943128
844,-352.37988165680474
845,-352.40661938534276
846,-352.16883116883116
847,-351.8667452830189
848,-351.5724381625442
849,-351.11058823529413
850,-350.4947121034078
851,-349.99178403755866
852,-349.77842907385696
853,-349.7025761124122
854,-349.3461988304094
855,-349.0735981308411
856,-349.07467911318554
857,-348.8006993006993
858,-348.7986030267753
859,-348.5906976744186
860,-347.9036004645761
861,-347.67749419953594
862,-347.77636152954807
863,-347.5925925925926
864,-347.1976878612717
865,-347.26558891454965
866,-347.0968858131488
867,-346.7857142857143
868,-346.6547756041427
869,-346.3333333333333
870,-346.3719862227325
871,-346.5022935779817
872,-346.3470790378007
873,-346.0308924485126
874,-345.73942857142856
875,-345.3744292237443
876,-345.13340935005704
877,-345.26423690205013
878,-344.8259385665529
879,-344.3340909090909
880,-344.42905788876277
881,-344.37528344671205
882,-344.2661381653454
883,-343.7330316742081
884,-343.6305084745763
885,-343.4187358916478
886,-343.17361894024805
887,-343.0686936936937
888,-342.5455568053993
889,-342.58988764044943
890,-342.30190796857465
891,-341.9742152466368
892,-341.63717805151174
893,-341.5917225950783
894,-341.3720670391061
895,-341.2299107142857
896,-340.8851727982163
897,-340.8229398663697
898,-340.66407119021136
899,-340.1622222222222
900,-340.12985571587126
901,-339.830376940133
902,-339.936877076412
903,-339.5685840707965
904,-339.7038674033149
905,-339.7317880794702
906,-339.48180815876515
907,-339.2522026431718
908,-338.94829482948296
909,-338.9593406593407
910,-338.93084522502744
911,-338.8706140350877
912,-338.7962760131435
913,-338.78227571115974
914,-338.8928961748634
915,-338.71724890829694
916,-338.6619411123228
917,-338.739651416122
918,-338.4124047878128
919,-338.245652173913
920,-338.2942453854506
921,-338.2472885032538
922,-338.1527627302275
923,-338.20454545454544
924,-338.2940540540541
925,-337.97408207343415
926,-337.8705501618123
927,-337.8189655172414
928,-337.54790096878367
929,-337.31290322580645
930,-337.1825993555317
931,-336.9281115879828
932,-336.935691318328
933,-336.2558886509636
934,-336.15401069518714
935,-335.94444444444446
936,-335.93383137673425
937,-335.70255863539444
938,-335.40468583599574
939,-335.4648936170213
940,-335.3921360255048
941,-335.19532908704883
942,-335.03817603393423
943,-334.5974576271187
944,-334.5280423280423
945,-334.27272727272725
946,-334.0538542766632
947,-334.04957805907173
948,-333.82297154899896
949,-333.87894736842105
950,-333.3207150368034
951,-333.0976890756302
952,-332.8226652675761
953,-332.39622641509436
954,-332.2335078534031
955,-331.69142259414224
956,-331.3584117032393
957,-331.115866388309
958,-330.851929092805
959,-330.9447916666667
960,-330.94484911550467
961,-330.7910602910603
962,-330.7227414330218
963,-330.54771784232366
964,-330.04974093264246
965,-329.89958592132507
966,-329.21820062047567
967,-328.8853305785124
968,-328.8297213622291
969,-328.959793814433
970,-328.59526261585995
971,-328.548353909465
972,-328.36793422404935
973,-328.1498973305955
974,-327.99179487179487
975,-327.8575819672131
976,-327.63357215967244
977,-327.36912065439674
978,-327.4422880490296
979,-327.2040816326531
980,-326.7900101936799
981,-326.2484725050916
982,-326.0722278738555
983,-325.7378048780488
984,-325.5167512690355
985,-325.20588235294116
986,-325.02228976697063
987,-325.05971659919027
988,-324.6036400404449
989,-324.53434343434344
990,-324.4470232088799
991,-324.37701612903226
992,-324.1510574018127
993,-324.28269617706235
994,-324.05929648241204
995,-323.89658634538154
996,-323.753259779338
997,-323.5170340681363
998,-323.5085085085085
999,-323.332
1000,-323.43756243756246
1001,-323.29740518962075
1002,-323.02691924227315
1003,-323.1374501992032
1004,-322.57910447761196
1005,-322.6848906560636
1006,-322.6633565044687
1007,-322.56051587301585
1008,-322.60951437066404
1009,-322.27128712871286
1010,-322.07319485657763
1011,-321.8320158102767
1012,-321.6732477788746
1013,-321.58382642998026
1014,-321.3142857142857
1015,-321.1003937007874
1016,-320.84169124877087
1017,-320.68172888015715
1018,-320.5161923454367
1019,-320.39607843137253
1020,-320.3016650342801
1021,-319.91389432485323
1022,-319.683284457478
1023,-319.30859375
1024,-319.05951219512195
1025,-318.71442495126706
1026,-318.7809152872444
1027,-318.5243190661479
1028,-318.37609329446065
1029,-317.9145631067961
1030,-317.48302618816683
1031,-317.20251937984494
1032,-317.1268151016457
1033,-316.9284332688588
1034,-316.9178743961353
1035,-316.87644787644786
1036,-316.23336547733845
1037,-315.82369942196533
1038,-315.929740134745
1039,-315.85096153846155
1040,-315.5254562920269
1041,-315.4021113243762
1042,-315.3470757430489
1043,-315.323754789272
1044,-315.08038277511963
1045,-314.76099426386236
1046,-314.40019102196754
1047,-314.1421755725191
1048,-313.9685414680648
1049,-313.687619047619
1050,-313.4471931493815
1051,-313.34695817490496
1052,-313.06457739791074
1053,-313.0559772296015
1054,-313.1772511848341
1055,-312.95454545454544
1056,-313.04351939451277
1057,-312.8166351606805
1058,-312.48536355051937
1059,-312.2641509433962
1060,-312.1573986804901
1061,-311.6525423728813
1062,-311.62464722483537
1063,-311.5281954887218
1064,-311.2995305164319
1065,-311.00187617260787
1066,-310.87628865979383
1067,-310.5430711610487
1068,-310.3264733395697
1069,-310.1467289719626
1070,-310.0812324929972
1071,-309.9505597014925
1072,-309.4277726001864
1073,-309.15270018621976
1074,-308.886511627907
1075,-308.53903345724905
1076,-308.6406685236769
1077,-308.4146567717996
1078,-308.144578313253
1079,-308.1074074074074
1080,-308.0730804810361
1081,-307.65341959334563
1082,-307.202216066482
1083,-306.7656826568266
1084,-306.7778801843318
1085,-306.3830570902394
1086,-306.2189512419503
1087,-306.1139705882353
1088,-305.96143250688704
1089,-305.7743119266055
1090,-305.86526122823096
1091,-305.51465201465203
1092,-305.13998170173835
1093,-304.7111517367459
1094,-304.4173515981735
1095,-304.54014598540147
1096,-304.3828623518687
1097,-304.25409836065575
1098,-304.0163785259327
1099,-303.89272727272726
1100,-303.57856494096274
1101,-303.4255898366606
1102,-303.2130553037171
1103,-303.1856884057971
1104,-303.0733031674208
1105,-302.7025316455696
1106,-302.2764227642276
1107,-302.1696750902527
1108,-302.29395852119023
1109,-301.98558558558557
1110,-301.7002700270027
1111,-301.5386690647482
1112,-301.5067385444744
1113,-301.3779174147217
1114,-301.34708520179373
1115,-301.1541218637993
1116,-300.7206803939123
1117,-300.4284436493739
1118,-300.37890974084
1119,-299.9455357142857
1120,-299.5557537912578
1121,-299.458110516934
1122,-299.1825467497774
1123,-299.04003558718864
1124,-298.4008888888889
1125,-298.4005328596803
1126,-298.11712511091395
1127,-298.0514184397163
1128,-297.8875110717449
1129,-297.62831858407077
1130,-297.289124668435
1131,-296.82773851590105
1132,-296.8331862312445
1133,-296.6604938271605
1134,-296.45814977973566
1135,-296.05193661971833
1136,-295.93931398416885
1137,-295.9525483304042
1138,-295.92010535557506
1139,-295.4219298245614
1140,-295.1226993865031
1141,-295.15411558669
1142,-295.1014873140857
1143,-294.71416083916085
1144,-294.44541484716154
1145,-294.39179755671904
1146,-294.1830863121186
1147,-294.23257839721254
1148,-293.9608355091384
1149,-293.9504347826087
1150,-293.616854908775
1151,-293.5564236111111
1152,-293.6608846487424
1153,-293.3830155979203
1154,-293.4961038961039
1155,-293.3477508650519
1156,-292.0112359550562
1157,-291.63039723661484
1158,-291.07679033649697
1159,-290.70258620689657
1160,-290.38845822566753
1161,-290.14113597246126
1162,-289.78933791917456
1163,-289.34364261168383
1164,-289.0849785407725
1165,-288.9862778730703
1166,-288.72836332476436
1167,-288.3527397260274
1168,-287.8186484174508
1169,-287.7564102564103
1170,-287.0828351836038
1171,-286.6749146757679
1172,-286.6990622335891
1173,-286.8143100511073
1174,-286.8289361702128
1175,-286.71853741496597
1176,-286.5301614273577
1177,-286.4388794567063
1178,-286.2205258693808
1179,-285.6372881355932
1180,-285.70025402201526
1181,-285.16243654822335
1182,-284.96956889264584
1183,-284.77364864864865
1184,-284.4278481012658
1185,-284.17032040472174
1186,-283.79949452401013
1187,-283.42676767676767
1188,-283.529015979815
1189,-283.5882352941176
1190,-283.3702770780856
1191,-282.9840604026846
1192,-282.94719195305953
1193,-283.03015075376885
1194,-282.78744769874476
1195,-282.5861204013378
1196,-282.2472848788638
1197,-281.9841402337229
1198,-281.68974145120933
1199,-281.7025
1200,-281.1415487094088
1201,-281.14642262895177
1202,-281.1571072319202
1203,-280.89119601328906
1204,-281.004979253112
1205,-281.0381426202322
1206,-281.10024855012426
1207,-281.1614238410596
1208,-280.7965260545906
1209,-280.88429752066116
1210,-280.9760528488852
1211,-281.0882838283828
1212,-281.0156636438582
1213,-281.0996705107084
1214,-280.6938271604938
1215,-280.6011513157895
1216,-280.3960558751027
1217,-280.132183908046
1218,-279.616899097621
1219,-279.67459016393445
1220,-279.84357084357083
1221,-279.7962356792144
1222,-279.9215044971382
1223,-279.90441176470586
1224,-279.46285714285716
1225,-279.5693311582382
1226,-278.9763651181744
1227,-278.82654723127035
1228,-278.9365337672905
1229,-278.6829268292683
1230,-278.6783103168156
1231,-278.5413961038961
1232,-278.34955393349554
1233,-277.79578606158833
1234,-277.1676113360324
1235,-276.81310679611653
1236,-276.82376717865804
1237,-275.8626817447496
1238,-275.7183212267958
1239,-275.46693548387094
1240,-275.3964544721998
1241,-275.2375201288245
1242,-275.0353982300885
1243,-274.887459807074
1244,-274.66425702811244
1245,-274.4767255216693
1246,-274.13632718524457
1247,-274.1129807692308
1248,-273.89431545236187
1249,-273.6504
1250,-273.58992805755395
1251,-273.6661341853035
1252,-273.4708699122107
1253,-273.5829346092504
1254,-273.58645418326694
1255,-273.31926751592357
1256,-273.2824184566428
1257,-272.9427662957075
1258,-272.66481334392375
1259,-272.3801587301587
1260,-272.02379064234736
1261,-271.86291600633916
1262,-271.756927949327
1263,-271.5981012658228
1264,-271.6616600790514
1265,-271.71090047393363
1266,-271.1310181531176
1267,-271.25473186119876
1268,-271.0488573680063
1269,-270.78976377952756
1270,-270.86231313926044
1271,-270.5141509433962
1272,-270.33307148468185
1273,-270.27708006279437
1274,-270.25098039215686
1275,-269.83385579937305
1276,-269.760375880971
1277,-269.7050078247261
1278,-269.44722439405786
1279,-268.89375
1280,-268.711943793911
1281,-268.4492979719189
1282,-268.2774746687451
1283,-267.56775700934577
1284,-267.3579766536965
1285,-267.1220839813375
1286,-266.75990675990676
1287,-266.6133540372671
1288,-266.4181536074476
1289,-265.8953488372093
1290,-265.7629744384198
1291,-265.41795665634675
1292,-265.0533642691415
1293,-264.79907264296753
1294,-264.7027027027027
1295,-264.66975308641975
1296,-264.692367000771
1297,-264.41987673343607
1298,-264.4518860662048
1299,-263.97923076923075
1300,-263.793235972329
1301,-263.71121351766516
1302,-263.28472755180354
1303,-263.01993865030676
1304,-262.47892720306515
1305,-262.28483920367535
1306,-262.23335883703135
1307,-261.99235474006116
1308,-262.11764705882354
1309,-262.05572519083967
1310,-261.8565980167811
1311,-261.6836890243902
1312,-261.78674790555976
1313,-261.57686453576866
1314,-261.59011406844104
1315,-261.42021276595744
1316,-261.40242976461656
1317,-261.3528072837633
1318,-261.0098559514784
1319,-260.78333333333336
1320,-260.46177138531414
1321,-260.1452344931921
1322,-259.8820861678005
1323,-259.6049848942598
1324,-258.9532075471698
1325,-258.5678733031674
1326,-257.594574227581
1327,-257.47138554216866
1328,-257.29571106094807
1329,-257.30526315789473
1330,-257.13974455296767
1331,-256.8385885885886
1332,-256.503375843961
1333,-256.34857571214394
1334,-256.1056179775281
1335,-255.95434131736528
1336,-255.80777860882574
1337,-255.81614349775785
1338,-255.9462285287528
1339,-255.62238805970148
1340,-255.74571215510812
1341,-255.32339791356185
1342,-255.06478034251674
1343,-254.91294642857142
1344,-254.75910780669145
1345,-254.44725111441306
1346,-254.20712694877506
1347,-254.20845697329378
1348,-254.0481838398814
1349,-254.0637037037037
1350,-253.60325684678017
1351,-253.5362426035503
1352,-253.49445676274945
1353,-253.14844903988183
1354,-252.7667896678967
1355,-252.5589970501475
1356,-252.3264554163596
1357,-252.48748159057436
1358,-252.2935982339956
1359,-251.9889705882353
1360,-251.9632623071271
1361,-251.84508076358296
1362,-251.49303008070433
1363,-251.2126099706745
1364,-251.04761904761904
1365,-251.05563689604685
1366,-250.8397951719093
1367,-250.49780701754386
1368,-250.10153396639882
1369,-249.77226277372262
1370,-249.83078045222464
1371,-249.82434402332362
1372,-249.79679533867443
1373,-249.61208151382823
1374,-249.70909090909092
1375,-249.61191860465115
1376,-249.30573710965868
1377,-248.98693759071116
1378,-248.84336475707033
1379,-248.52463768115942
1380,-248.2766111513396
1381,-248.35166425470334
1382,-248.06652205350687
1383,-248.05780346820808
1384,-248.07653429602888
1385,-248.14213564213566
1386,-248.27541456380678
1387,-247.9293948126801
1388,-247.89848812095033
1389,-248.0107913669065
1390,-247.94680086268872
1391,-247.9051724137931
1392,-247.6618808327351
1393,-247.49210903873745
1394,-247.35770609318996
1395,-247.45916905444125
1396,-247.54760200429493
1397,-247.22317596566523
1398,-247.0335954253038
1399,-246.86214285714286
1400,-246.96074232690935
1401,-246.93723252496434
1402,-246.83891660727014
1403,-246.252849002849
1404,-246.04982206405694
1405,-246.03271692745378
1406,-245.89267945984363
1407,-245.8302556818182
1408,-245.68417317246275
1409,-245.4482269503546
1410,-245.45854004252303
1411,-245.24645892351276
1412,-245.21089879688606
1413,-245.03606789250352
1414,-244.61696113074206
1415,-244.2090395480226
1416,-244.02187720536344
1417,-243.97884344146686
1418,-243.95842142353771
1419,-243.6112676056338
1420,-243.5932441942294
1421,-243.38326300984528
1422,-242.69992972593113
1423,-242.31671348314606
1424,-242.08491228070176
1425,-241.9326788218794
1426,-241.93763139453398
1427,-241.7752100840336
1428,-241.50454863540938
1429,-240.56433566433566
1430,-240.35988819007687
1431,-240.16899441340783
1432,-240.02093510118632
1433,-239.66666666666666
1434,-239.41463414634146
1435,-239.26114206128133
1436,-239.18162839248436
1437,-239.00764951321278
1438,-238.79430159833217
1439,-238.44722222222222
1440,-238.03469812630118
1441,-237.8134535367545
1442,-237.3825363825364
1443,-237.29847645429362
1444,-237.34671280276817
1445,-237.27178423236515
1446,-236.95162404975812
1447,-236.8846685082873
1448,-236.9606625258799
1449,-236.49448275862068
1450,-236.62026188835287
1451,-235.71418732782368
1452,-234.74328974535445
1453,-234.3844566712517
1454,-234.213058419244
1455,-233.91277472527472
1456,-233.56554564172959
1457,-233.25788751714677
1458,-233.0938999314599
1459,-233.18493150684932
1460,-232.82477754962355
1461,-232.7298221614227
1462,-232.3896103896104
1463,-232.41325136612022
1464,-232.13037542662116
1465,-232.11527967257845
1466,-231.83640081799592
1467,-231.69346049046322
1468,-231.28318584070797
1469,-231.16802721088436
1470,-230.70972127804214
1471,-230.6086956521739
1472,-230.47386286490155
1473,-230.13907734056988
1474,-230.15050847457627
1475,-230.19444444444446
1476,-229.7136086662153
1477,-229.42354533152908
1478,-229.1467207572684
1479,-228.85472972972974
1480,-228.38284942606347
1481,-228.32793522267207
1482,-228.30141604855024
1483,-228.15835579514825
1484,-227.82895622895623
1485,-227.78869448183042
1486,-227.315400134499
1487,-226.98924731182797
1488,-226.73740765614505
1489,-226.49530201342282
1490,-226.52582159624413
1491,-226.4959785522788
1492,-226.53516409912928
1493,-226.36345381526104
1494,-226.09765886287624
1495,-225.9792780748663
1496,-225.4809619238477
1497,-225.06809078771695
1498,-225.12608405603737
1499,-224.89466666666667
1500,-224.92205196535642
1501,-224.58255659121173
1502,-224.57884231536926
1503,-224.25731382978722
1504,-224.1641196013289
1505,-223.74634794156705
1506,-223.68613138686132
1507,-223.82427055702917
1508,-223.5506958250497
1509,-223.59668874172186
1510,-223.554599602912
1511,-223.48280423280423
1512,-223.56840713813617
1513,-223.0772787318362
1514,-222.7927392739274
1515,-222.4788918205805
1516,-222.38035596572183
1517,-222.5243741765481
1518,-222.26925608953258
1519,-222.03355263157894
1520,-221.74424720578565
1521,-221.44349540078844
1522,-221.06040709126722
1523,-220.89304461942257
1524,-220.56852459016395
1525,-220.62712975098296
1526,-220.22855271774722
1527,-220.0955497382199
1528,-220.09483322432962
1529,-219.9653594771242
1530,-219.93207054212934
1531,-219.61945169712794
1532,-219.6457925636008
1533,-219.3728813559322
1534,-219.22475570032574
1535,-219.22135416666666
1536,-218.7800910865322
1537,-218.63849154746424
1538,-218.46783625730995
1539,-218.64415584415585
1540,-218.3582089552239
1541,-218.1491569390402
1542,-218.10823071937784
1543,-217.94106217616581
1544,-217.95728155339805
1545,-217.6216041397154
1546,-217.50096961861667
1547,-217.5361757105943
1548,-217.41897998708845
1549,-217.41032258064516
1550,-217.31914893617022
1551,-216.30734536082474
1552,-216.00837089504185
1553,-215.98326898326897
1554,-215.5909967845659
1555,-215.5996143958869
1556,-215.33333333333334
1557,-215.0359435173299
1558,-214.78768441308532
1559,-214.58653846153845
1560,-214.20307495195388
1561,-214.18822023047375
1562,-214.18809980806142
1563,-214.0460358056266
1564,-213.83194888178915
1565,-213.50510855683268
1566,-213.14294830887044
1567,-212.84630102040816
1568,-212.6966220522626
1569,-212.55350318471338
1570,-212.37364735837048
1571,-212.0527989821883
1572,-211.92180546726001
1573,-211.79351969504447
1574,-211.50539682539682
1575,-211.23477157360406
1576,-211.06785034876347
1577,-210.73764258555133
1578,-210.1583280557315
1579,-210.00506329113924
1580,-210.0518659076534
1581,-209.78761061946904
1582,-209.75173720783323
1583,-209.41287878787878
1584,-209.23028391167193
1585,-209.26860025220682
1586,-208.37744171392563
1587,-208.12468513853904
1588,-207.38514789175582
1589,-207.26037735849056
1590,-207.3507228158391
1591,-207.2782663316583
1592,-207.17325800376648
1593,-207.0746549560853
1594,-206.69717868338557
1595,-206.84022556390977
1596,-206.75829680651222
1597,-206.4424280350438
1598,-206.11069418386492
1599,-205.9225
1600,-205.5059337913804
1601,-205.64481897627965
1602,-205.44853399875234
1603,-205.26558603491273
1604,-205.1626168224299
1605,-204.90535491905354
1606,-204.70752955818296
1607,-204.61567164179104
1608,-204.6022374145432
1609,-204.6801242236025
1610,-204.75791433891993
1611,-204.52481389578165
1612,-204.25542467451953
1613,-204.06567534076828
1614,-203.7374613003096
1615,-203.85581683168317
1616,-203.5578231292517
1617,-203.4876390605686
1618,-203.6281655342804
1619,-203.32037037037037
1620,-203.16964836520665
1621,-203.02281134401971
1622,-203.04929143561307
1623,-202.70012315270935
1624,-202.25907692307692
1625,-201.96986469864697
1626,-201.93239090350338
1627,-202.02272727272728
1628,-201.71823204419888
1629,-201.4085889570552
1630,-201.14898835070508
1631,-201.00122549019608
1632,-201.0251071647275
1633,-200.88739290085678
1634,-200.99694189602445
1635,-200.7640586797066
1636,-200.63408674404397
1637,-200.46642246642247
1638,-200.17144600366078
1639,-200.1310975609756
1640,-200.1249238269348
1641,-199.87637028014618
1642,-199.7559342665855
1643,-199.73540145985402
1644,-199.61884498480242
1645,-199.31591737545565
1646,-199.14389799635703
1647,-198.8483009708738
1648,-198.50818677986658
1649,-198.35939393939395
1650,-198.30769230769232
1651,-197.8044794188862
1652,-197.73381730187538
1653,-197.70918984280533
1654,-197.60422960725074
1655,-196.7469806763285
1656,-196.57573928786965
1657,-196.4246079613993
1658,-195.91440626883664
1659,-195.6765060240964
1660,-195.2775436484046
1661,-195.12274368231047
1662,-194.92122669873723
1663,-194.83713942307693
1664,-194.5183183183183
1665,-194.3451380552221
1666,-194.2879424115177
1667,-193.86330935251797
1668,-193.75434391851408
1669,-193.37245508982036
1670,-193.31657690005986
1671,-193.25956937799043
1672,-193.1273161984459
1673,-193.09378733572282
1674,-193.14208955223882
1675,-192.81145584725536
1676,-192.70184853905783
1677,-192.47497020262216
1678,-191.9767718880286
1679,-191.7357142857143
1680,-191.55086258179654
1681,-191.21105826397147
1682,-191.12953060011884
1683,-191.02375296912115
1684,-191.0706231454006
1685,-191.1061684460261
1686,-191.02667457024305
1687,-190.74940758293837
1688,-190.744819419775
1689,-190.45207100591716
1690,-190.4334713187463
1691,-190.31205673758865
1692,-190.03662138216185
1693,-189.94805194805195
1694,-189.31150442477878
1695,-189.04481132075472
1696,-188.81025338833234
1697,-188.69434628975264
1698,-188.65626839317247
1699,-188.53117647058824
1700,-188.3127572016461
1701,-188.06874265569917
1702,-187.6729301233118
1703,-187.4131455399061
1704,-187.18651026392962
1705,-187.20515826494724
1706,-187.0017574692443
1707,-186.89519906323184
1708,-186.83616149795202
1709,-186.65263157894736
1710,-186.65926358854472
1711,-186.63434579439252
1712,-186.49036777583188
1713,-186.53267211201867
1714,-186.43440233236151
1715,-186.34265734265733
1716,-186.15841584158414
1717,-185.38358556461
1718,-185.26003490401396
1719,-185.10581395348837
1720,-185.11040092969205
1721,-184.8246225319396
1722,-184.65467208357515
1723,-184.66647331786544
1724,-184.7831884057971
1725,-184.69698725376594
1726,-184.21366531557615
1727,-183.9346064814815
1728,-183.70156159629843
1729,-183.57976878612718
1730,-183.55574812247255
1731,-183.27771362586606
1732,-183.16618580496248
1733,-183.07785467128028
1734,-182.97175792507204
1735,-182.8110599078341
1736,-182.6672423719056
1737,-182.6783659378596
1738,-181.96089706728006
1739,-181.84712643678162
1740,-181.9862148190695
1741,-181.58783008036738
1742,-181.54503729202526
1743,-181.6875
1744,-181.48252148997133
1745,-181.12084765177548
1746,-181.0068689181454
1747,-181.02688787185355
1748,-180.8399085191538
1749,-180.6382857142857
1750,-180.28783552255854
1751,-180.14269406392694
1752,-179.70849971477466
1753,-179.43443557582668
1754,-179.3150997150997
1755,-178.97892938496582
1756,-178.70517928286853
1757,-178.55574516496017
1758,-178.2876634451393
1759,-178.2528409090909
1760,-178.04258943781943
1761,-178.00681044267878
1762,-177.68576290414066
1763,-177.59126984126985
1764,-177.4056657223796
1765,-177.43997734994338
1766,-177.48217317487266
1767,-177.41798642533936
1768,-177.063877897117
1769,-177.20282485875705
1770,-177.03331451157538
1771,-177.08295711060947
1772,-176.9503666102651
1773,-176.58511837655016
1774,-176.48732394366198
1775,-176.5016891891892
1776,-176.1311198649409
1777,-175.94150731158607
1778,-175.61101742551995
1779,-175.45337078651684
1780,-175.07411566535654
1781,-175.02020202020202
1782,-174.9579360628155
1783,-174.86883408071748
1784,-174.6201680672269
1785,-174.4249720044793
1786,-174.24846110800223
1787,-174.13087248322148
1788,-174.2034656232532
1789,-174.28268156424582
1790,-173.93858179787827
1791,-173.80245535714286
1792,-173.82152816508645
1793,-173.55016722408027
1794,-173.64623955431756
1795,-173.5239420935412
1796,-173.26933778519756
1797,-172.98387096774192
1798,-172.70150083379656
1799,-172.76666666666668
1800,-172.50305385896723
1801,-172.52885682574916
1802,-172.5230171935663
1803,-172.40077605321508
1804,-172.14847645429361
1805,-171.85049833887044
1806,-171.72495849474268
1807,-171.37223451327435
1808,-170.99281370923163
1809,-170.8828729281768
1810,-170.8128106018774
1811,-170.59547461368655
1812,-170.23938223938225
1813,-170.2331863285557
1814,-170.11570247933884
1815,-169.772577092511
1816,-169.6252063841497
1817,-168.68921892189218
1818,-168.41616272677294
1819,-168.31703296703296
1820,-168.22899505766063
1821,-168.0993413830955
1822,-167.98299506308283
1823,-167.952850877193
1824,-167.853698630137
1825,-166.98630887185104
1826,-166.61740558292283
1827,-166.31455142231948
1828,-166.3832695462001
1829,-166.4879781420765
1830,-166.200436919716
1831,-165.95360262008734
1832,-165.8199672667758
1833,-165.93565976008725
1834,-165.73623978201636
1835,-165.6040305010893
1836,-165.49863908546544
1837,-165.37051142546247
1838,-165.12180532898313
1839,-164.98641304347825
1840,-164.72840847365563
1841,-164.0271444082519
1842,-163.83830710797614
1843,-163.63069414316703
1844,-163.7761517615176
1845,-163.45124593716142
1846,-162.43475906876014
1847,-162.22564935064935
1848,-162.0924824229313
1849,-161.79189189189188
1850,-161.62344678552134
1851,-161.61501079913606
1852,-161.47706422018348
1853,-160.69363538295576
1854,-160.46522911051213
1855,-160.33997844827587
1856,-160.45126548196015
1857,-160.23358449946178
1858,-160.25497579343732
1859,-159.6247311827957
1860,-159.59269210102096
1861,-159.3856068743287
1862,-159.2415458937198
1863,-159.3304721030043
1864,-159.19624664879356
1865,-159.31672025723472
1866,-159.08355650776647
1867,-159.10706638115633
1868,-159.02140181915462
1869,-158.8090909090909
1870,-158.690539818279
1871,-158.8125
1872,-158.5013347570742
1873,-158.31323372465314
1874,-158.43573333333333
1875,-158.27611940298507
1876,-157.8407032498668
1877,-157.78434504792332
1878,-157.67376263970198
1879,-157.30478723404255
1880,-157.21584263689527
1881,-157.15356004250796
1882,-157.21402018056293
1883,-156.44692144373673
1884,-156.40318302387269
1885,-156.19088016967126
1886,-156.04663487016427
1887,-155.68908898305085
1888,-155.80201164637376
1889,-155.68571428571428
1890,-155.48387096774192
1891,-155.34302325581396
1892,-155.256735340729
1893,-154.60454065469904
1894,-154.6401055408971
1895,-154.39135021097047
1896,-154.18450184501845
1897,-153.51527924130664
1898,-152.8783570300158
1899,-152.80736842105264
1900,-152.16096791162545
1901,-151.86593059936908
1902,-151.12874408828165
1903,-151.0561974789916
1904,-150.8503937007874
1905,-150.53934942287512
1906,-150.34242265338227
1907,-150.0670859538784
1908,-149.86589837611314
1909,-149.90157068062828
1910,-149.7498691784406
1911,-149.76359832635984
1912,-149.67381076842656
1913,-149.57575757575756
1914,-149.32950391644908
1915,-149.21659707724424
1916,-148.90297339593116
1917,-148.71637122002085
1918,-147.87076602397082
1919,-147.03802083333332
1920,-146.94065590838105
1921,-146.61550468262226
1922,-146.45657826313052
1923,-145.80717255717255
1924,-145.69558441558442
1925,-145.44029075804778
1926,-145.37467566165023
1927,-145.14315352697096
1928,-145.04199066874028
1929,-145.039896373057
1930,-145.11393060590368
1931,-145.02743271221533
1932,-144.77547853078116
1933,-144.68407445708377
1934,-144.40051679586563
1935,-144.19111570247935
1936,-144.10325245224575
1937,-143.89576883384933
1938,-143.8684889118102
1939,-143.7701030927835
1940,-143.7774343122102
1941,-143.64418125643667
1942,-143.75862068965517
1943,-143.69393004115227
1944,-142.94190231362467
1945,-142.09301130524153
1946,-142.03903441191576
1947,-141.8311088295688
1948,-141.7255002565418
1949,-141.67179487179487
1950,-141.43874935930293
1951,-141.37756147540983
1952,-141.33179723502303
1953,-141.05629477993858
1954,-141.10434782608695
1955,-141.0715746421268
1956,-141.02963719979562
1957,-141.02042900919307
1958,-141.04389994895354
1959,-140.89744897959184
1960,-140.89393166751657
1961,-140.95005096839958
1962,-140.82322975038207
1963,-140.4572301425662
1964,-140.2381679389313
1965,-140.1266531027467
1966,-140.03152008134214
1967,-140.1204268292683
1968,-139.6851193499238
1969,-138.97106598984772
1970,-138.92897006595638
1971,-139.05425963488844
1972,-139.1201216421693
1973,-138.90273556231003
1974,-138.86278481012658
1975,-138.56882591093117
1976,-138.49064238745575
1977,-138.44084934277046
1978,-137.8812531581607
1979,-137.8151515151515
1980,-137.7147905098435
1981,-137.49394550958627
1982,-137.36207766011094
1983,-137.2459677419355
1984,-137.0065491183879
1985,-136.5619335347432
1986,-136.53548062405636
1987,-136.67505030181087
1988,-136.80040221216692
1989,-136.69949748743718
1990,-136.81416373681566
1991,-136.63303212851406
1992,-136.28850978424487
1993,-136.02156469408226
1994,-136.09824561403508
1995,-135.80260521042084
1996,-135.78167250876314
1997,-135.79179179179178
1998,-135.74537268634316
1999,-135.8975
