episode,avg_reward,static_rewards
0,-531.0,-531.0
1,-497.5,-464.0
2,-511.6666666666667,-540.0
3,-511.0,-509.0
4,-478.8,-350.0
5,-485.1666666666667,-517.0
6,-484.0,-477.0
7,-490.125,-533.0
8,-475.77777777777777,-361.0
9,-472.1,-439.0
10,-477.45454545454544,-531.0
11,-479.75,-505.0
12,-484.2307692307692,-538.0
13,-486.57142857142856,-517.0
14,-482.6666666666667,-428.0
15,-484.1875,-507.0
16,-486.05882352941177,-516.0
17,-484.6666666666667,-461.0
18,-487.3157894736842,-535.0
19,-487.8,-497.0
20,-490.0,-534.0
21,-489.1818181818182,-472.0
22,-487.7391304347826,-456.0
23,-487.0416666666667,-471.0
24,-483.52,-399.0
25,-484.7307692307692,-515.0
26,-482.6296296296296,-428.0
27,-481.5357142857143,-452.0
28,-479.9655172413793,-436.0
29,-481.43333333333334,-524.0
30,-481.6774193548387,-489.0
31,-478.90625,-393.0
32,-480.3939393939394,-528.0
33,-481.47058823529414,-517.0
34,-479.8857142857143,-426.0
35,-478.9166666666667,-445.0
36,-478.72972972972974,-472.0
37,-476.9736842105263,-412.0
38,-477.1794871794872,-485.0
39,-470.35,-204.0
40,-470.9512195121951,-495.0
41,-470.1190476190476,-436.0
42,-470.72093023255815,-496.0
43,-470.29545454545456,-452.0
44,-471.1333333333333,-508.0
45,-470.8478260869565,-458.0
46,-469.1914893617021,-393.0
47,-469.9375,-505.0
48,-470.734693877551,-509.0
49,-470.26,-447.0
50,-469.8627450980392,-450.0
51,-469.90384615384613,-472.0
52,-469.8301886792453,-466.0
53,-470.962962962963,-531.0
54,-469.9818181818182,-417.0
55,-470.2142857142857,-483.0
56,-470.2280701754386,-471.0
57,-470.6034482758621,-492.0
58,-470.8135593220339,-483.0
59,-466.9166666666667,-237.0
60,-466.60655737704917,-448.0
61,-465.5967741935484,-404.0
62,-465.04761904761904,-431.0
63,-464.03125,-400.0
64,-463.6,-436.0
65,-463.3636363636364,-448.0
66,-463.05970149253733,-443.0
67,-463.0,-459.0
68,-463.60869565217394,-505.0
69,-463.3142857142857,-443.0
70,-462.943661971831,-437.0
71,-462.7638888888889,-450.0
72,-461.8082191780822,-393.0
73,-461.56756756756755,-444.0
74,-458.46666666666664,-229.0
75,-458.4868421052632,-460.0
76,-458.6623376623377,-472.0
77,-459.94871794871796,-559.0
78,-459.9493670886076,-460.0
79,-460.9875,-543.0
80,-460.320987654321,-407.0
81,-460.6341463414634,-486.0
82,-460.2289156626506,-427.0
83,-460.48809523809524,-482.0
84,-461.09411764705885,-512.0
85,-460.75581395348837,-432.0
86,-459.2183908045977,-327.0
87,-458.35227272727275,-383.0
88,-459.3707865168539,-549.0
89,-459.68888888888887,-488.0
90,-459.38461538461536,-432.0
91,-459.1195652173913,-435.0
92,-459.505376344086,-495.0
93,-459.01063829787233,-413.0
94,-458.61052631578946,-421.0
95,-458.7708333333333,-474.0
96,-459.10309278350513,-491.0
97,-458.66326530612247,-416.0
98,-458.77777777777777,-470.0
99,-458.71,-452.0
100,-458.3762376237624,-425.0
101,-458.3529411764706,-456.0
102,-458.252427184466,-448.0
103,-458.125,-445.0
104,-458.5904761904762,-507.0
105,-458.0660377358491,-403.0
106,-457.9065420560748,-441.0
107,-457.10185185185185,-371.0
108,-457.20183486238534,-468.0
109,-457.5181818181818,-492.0
110,-457.6306306306306,-470.0
111,-457.80357142857144,-477.0
112,-457.43362831858406,-416.0
113,-458.14912280701753,-539.0
114,-458.1913043478261,-463.0
115,-456.9396551724138,-313.0
116,-456.8290598290598,-444.0
117,-456.364406779661,-402.0
118,-456.94117647058823,-525.0
119,-456.6166666666667,-418.0
120,-456.89256198347107,-490.0
121,-456.827868852459,-449.0
122,-456.7479674796748,-447.0
123,-456.7983870967742,-463.0
124,-456.424,-410.0
125,-456.5952380952381,-478.0
126,-456.59055118110234,-456.0
127,-453.8046875,-100.0
128,-453.4651162790698,-410.0
129,-453.33846153846156,-437.0
130,-453.41984732824426,-464.0
131,-453.4318181818182,-455.0
132,-452.812030075188,-371.0
133,-452.7910447761194,-450.0
134,-452.9851851851852,-479.0
135,-453.6617647058824,-545.0
136,-453.985401459854,-498.0
137,-453.1014492753623,-332.0
138,-452.9568345323741,-433.0
139,-452.7142857142857,-419.0
140,-452.63829787234044,-442.0
141,-452.88732394366195,-488.0
142,-452.86713286713285,-450.0
143,-453.0416666666667,-478.0
144,-452.9310344827586,-437.0
145,-453.041095890411,-469.0
146,-453.1020408163265,-462.0
147,-452.4662162162162,-359.0
148,-452.93959731543623,-523.0
149,-452.7133333333333,-419.0
150,-452.6158940397351,-438.0
151,-453.0328947368421,-516.0
152,-452.6928104575163,-401.0
153,-452.0974025974026,-361.0
154,-452.1161290322581,-455.0
155,-452.3397435897436,-487.0
156,-451.79617834394907,-367.0
157,-452.19620253164555,-515.0
158,-452.37735849056605,-481.0
159,-452.5,-472.0
160,-453.11801242236027,-552.0
161,-452.641975308642,-376.0
162,-452.4355828220859,-419.0
163,-452.2256097560976,-418.0
164,-452.3575757575758,-474.0
165,-452.0120481927711,-395.0
166,-451.7125748502994,-402.0
167,-450.67261904761904,-277.0
168,-450.6804733727811,-452.0
169,-450.34705882352944,-394.0
170,-450.19883040935673,-425.0
171,-450.4011627906977,-485.0
172,-450.271676300578,-428.0
173,-448.81609195402297,-197.0
174,-449.02285714285716,-485.0
175,-448.9375,-434.0
176,-448.8926553672316,-441.0
177,-448.9269662921348,-455.0
178,-448.8100558659218,-428.0
179,-448.9166666666667,-468.0
180,-448.5359116022099,-380.0
181,-448.6978021978022,-478.0
182,-448.8360655737705,-474.0
183,-448.8152173913044,-445.0
184,-448.8972972972973,-464.0
185,-449.0537634408602,-478.0
186,-449.3475935828877,-504.0
187,-449.3404255319149,-448.0
188,-449.55555555555554,-490.0
189,-449.6421052631579,-466.0
190,-449.6649214659686,-454.0
191,-449.6875,-454.0
192,-449.72020725388603,-456.0
193,-449.80927835051546,-467.0
194,-449.374358974359,-365.0
195,-449.484693877551,-471.0
196,-449.1928934010152,-392.0
197,-449.0858585858586,-428.0
198,-449.19095477386935,-470.0
199,-449.345,-480.0
200,-449.17910447761193,-416.0
201,-449.38613861386136,-491.0
202,-448.88669950738915,-348.0
203,-449.1666666666667,-506.0
204,-449.29756097560977,-476.0
205,-449.06310679611653,-401.0
206,-448.8550724637681,-406.0
207,-448.8798076923077,-454.0
208,-448.88038277511964,-449.0
209,-449.2047619047619,-517.0
210,-448.98578199052133,-403.0
211,-449.0,-452.0
212,-448.6713615023474,-379.0
213,-449.1261682242991,-546.0
214,-449.3255813953488,-492.0
215,-449.31944444444446,-448.0
216,-449.38709677419354,-464.0
217,-448.9816513761468,-361.0
218,-448.716894977169,-391.0
219,-448.6272727272727,-429.0
220,-448.56108597285066,-434.0
221,-448.3018018018018,-391.0
222,-447.74439461883406,-324.0
223,-447.88839285714283,-480.0
224,-447.7733333333333,-422.0
225,-447.70353982300884,-432.0
226,-447.43612334801765,-387.0
227,-447.32456140350877,-422.0
228,-447.46724890829694,-480.0
229,-447.2217391304348,-391.0
230,-447.17316017316017,-436.0
231,-445.5991379310345,-82.0
232,-444.3690987124464,-159.0
233,-443.9316239316239,-342.0
234,-444.31489361702126,-534.0
235,-444.29237288135596,-439.0
236,-443.62025316455697,-285.0
237,-442.8487394957983,-260.0
238,-442.69874476987445,-407.0
239,-442.55833333333334,-409.0
240,-442.23651452282155,-365.0
241,-442.0206611570248,-390.0
242,-441.156378600823,-232.0
243,-441.2418032786885,-462.0
244,-440.6204081632653,-289.0
245,-440.6382113821138,-445.0
246,-440.39676113360326,-381.0
247,-440.28225806451616,-412.0
248,-440.09638554216866,-394.0
249,-439.416,-270.0
250,-439.40637450199205,-437.0
251,-439.1031746031746,-363.0
252,-439.02371541501975,-419.0
253,-439.2992125984252,-509.0
254,-439.17254901960786,-407.0
255,-439.546875,-535.0
256,-439.50194552529183,-428.0
257,-439.5503875968992,-452.0
258,-439.4864864864865,-423.0
259,-439.2307692307692,-373.0
260,-438.91570881226056,-357.0
261,-438.82824427480915,-416.0
262,-439.00380228136885,-485.0
263,-438.8863636363636,-408.0
264,-438.77358490566036,-409.0
265,-439.07142857142856,-518.0
266,-438.9176029962547,-398.0
267,-438.7910447761194,-405.0
268,-438.7732342007435,-434.0
269,-438.73703703703706,-429.0
270,-438.2361623616236,-303.0
271,-438.3272058823529,-463.0
272,-438.16483516483515,-394.0
273,-438.06934306569343,-412.0
274,-438.0945454545455,-445.0
275,-437.9673913043478,-403.0
276,-438.1985559566787,-502.0
277,-438.11870503597123,-416.0
278,-438.1254480286738,-440.0
279,-437.95,-389.0
280,-437.80427046263344,-397.0
281,-437.77659574468083,-430.0
282,-436.73851590106005,-144.0
283,-436.76056338028167,-443.0
284,-436.6421052631579,-403.0
285,-436.7097902097902,-456.0
286,-436.42160278745644,-354.0
287,-436.44097222222223,-442.0
288,-436.74048442906576,-523.0
289,-436.5827586206897,-391.0
290,-436.1512027491409,-311.0
291,-436.0890410958904,-418.0
292,-435.8259385665529,-359.0
293,-435.9829931972789,-482.0
294,-435.2949152542373,-233.0
295,-435.1114864864865,-381.0
296,-435.18518518518516,-457.0
297,-435.251677852349,-455.0
298,-434.52508361204013,-218.0
299,-433.75666666666666,-204.0
300,-433.0531561461794,-222.0
301,-433.3112582781457,-511.0
302,-433.34653465346537,-444.0
303,-433.4046052631579,-451.0
304,-433.27213114754096,-393.0
305,-432.9967320261438,-349.0
306,-432.81107491856676,-376.0
307,-432.262987012987,-264.0
308,-432.2977346278317,-443.0
309,-432.1741935483871,-394.0
310,-432.12861736334406,-418.0
311,-432.8269230769231,-650.0
312,-432.6102236421725,-365.0
313,-432.5732484076433,-421.0
314,-432.67619047619047,-465.0
315,-432.6107594936709,-412.0
316,-432.6940063091483,-459.0
317,-432.71069182389937,-438.0
318,-432.40438871473356,-335.0
319,-432.453125,-448.0
320,-432.0747663551402,-311.0
321,-432.2453416149068,-487.0
322,-432.08978328173373,-382.0
323,-431.9104938271605,-374.0
324,-431.4676923076923,-288.0
325,-431.8312883435583,-550.0
326,-431.65749235474004,-375.0
327,-431.6859756097561,-441.0
328,-431.56534954407294,-392.0
329,-431.5272727272727,-419.0
330,-431.32930513595164,-366.0
331,-431.1355421686747,-367.0
332,-431.06006006006004,-406.0
333,-430.3832335329341,-205.0
334,-429.644776119403,-183.0
335,-429.36011904761904,-334.0
336,-429.48367952522256,-471.0
337,-429.3816568047337,-395.0
338,-429.1504424778761,-351.0
339,-429.01176470588234,-382.0
340,-428.9794721407625,-418.0
341,-428.593567251462,-297.0
342,-428.6705539358601,-455.0
343,-428.32267441860466,-309.0
344,-428.4724637681159,-480.0
345,-428.28034682080926,-362.0
346,-428.2507204610951,-418.0
347,-427.94827586206895,-323.0
348,-427.9541547277937,-430.0
349,-427.88,-402.0
350,-427.8290598290598,-410.0
351,-427.79545454545456,-416.0
352,-427.8158640226629,-435.0
353,-426.73446327683615,-45.0
354,-426.6816901408451,-408.0
355,-426.7443820224719,-449.0
356,-426.5798319327731,-368.0
357,-426.6536312849162,-453.0
358,-426.3565459610028,-320.0
359,-426.46944444444443,-467.0
360,-426.2382271468144,-343.0
361,-426.2596685082873,-434.0
362,-426.3884297520661,-473.0
363,-426.4230769230769,-439.0
364,-426.9123287671233,-605.0
365,-426.8497267759563,-404.0
366,-426.5558583106267,-319.0
367,-426.67934782608694,-472.0
368,-426.5989159891599,-397.0
369,-426.82702702702704,-511.0
370,-426.89487870619945,-452.0
371,-426.93817204301075,-443.0
372,-427.0455764075067,-467.0
373,-427.2139037433155,-490.0
374,-427.02133333333336,-355.0
375,-426.98936170212767,-415.0
376,-426.85145888594167,-375.0
377,-426.7883597883598,-403.0
378,-426.73614775725594,-407.0
379,-426.7394736842105,-428.0
380,-426.71128608923885,-416.0
381,-426.79319371727746,-458.0
382,-426.6344647519582,-366.0
383,-426.6666666666667,-439.0
384,-426.6051948051948,-403.0
385,-426.53108808290153,-398.0
386,-426.3772609819122,-367.0
387,-426.2113402061856,-362.0
388,-426.41388174807196,-505.0
389,-426.4102564102564,-425.0
390,-425.4833759590793,-64.0
391,-425.4005102040816,-393.0
392,-425.529262086514,-476.0
393,-425.48730964467006,-409.0
394,-425.4759493670886,-421.0
395,-425.260101010101,-340.0
396,-425.26952141057933,-429.0
397,-425.2361809045226,-412.0
398,-425.2531328320802,-432.0
399,-425.4475,-503.0
400,-425.4862842892768,-441.0
401,-425.40796019900495,-394.0
402,-425.2307692307692,-354.0
403,-425.09653465346537,-371.0
404,-425.0617283950617,-411.0
405,-424.8743842364532,-349.0
406,-425.15724815724815,-540.0
407,-425.36764705882354,-511.0
408,-425.17359413202934,-346.0
409,-424.909756097561,-317.0
410,-424.8905109489051,-417.0
411,-424.7985436893204,-387.0
412,-424.60290556900725,-344.0
413,-424.59420289855075,-421.0
414,-424.74939759036147,-489.0
415,-424.7307692307692,-417.0
416,-424.59232613908875,-367.0
417,-424.57894736842104,-419.0
418,-424.24105011933176,-283.0
419,-424.12142857142857,-374.0
420,-424.2731591448931,-488.0
421,-423.936018957346,-282.0
422,-423.9881796690307,-446.0
423,-423.9693396226415,-416.0
424,-423.6823529411765,-302.0
425,-423.6901408450704,-427.0
426,-423.5222482435597,-352.0
427,-423.60280373831773,-458.0
428,-423.65501165501166,-446.0
429,-423.50697674418603,-360.0
430,-423.2575406032483,-316.0
431,-423.2708333333333,-429.0
432,-423.74133949191685,-627.0
433,-423.56912442396316,-349.0
434,-423.39310344827584,-347.0
435,-423.2133027522936,-345.0
436,-423.1304347826087,-387.0
437,-423.4908675799087,-581.0
438,-423.51936218678816,-436.0
439,-423.3681818181818,-357.0
440,-423.4512471655329,-460.0
441,-423.3891402714932,-396.0
442,-422.6749435665914,-107.0
443,-422.57207207207205,-377.0
444,-421.6157303370787,3.0
445,-421.6681614349776,-445.0
446,-421.4026845637584,-303.0
447,-420.56919642857144,-48.0
448,-420.65033407572383,-457.0
449,-420.4844444444444,-346.0
450,-420.1840354767184,-285.0
451,-419.46238938053096,-94.0
452,-419.38189845474614,-383.0
453,-419.3678414096916,-413.0
454,-419.22197802197803,-353.0
455,-419.17543859649123,-398.0
456,-419.1903719912473,-426.0
457,-419.26200873362444,-452.0
458,-418.8562091503268,-233.0
459,-418.7391304347826,-365.0
460,-418.6616052060738,-383.0
461,-418.76190476190476,-465.0
462,-418.6652267818574,-374.0
463,-418.5840517241379,-381.0
464,-418.60215053763443,-427.0
465,-418.3068669527897,-281.0
466,-418.31905781584584,-424.0
467,-418.38675213675214,-450.0
468,-418.1279317697228,-297.0
469,-418.0531914893617,-383.0
470,-417.96815286624206,-378.0
471,-418.02542372881356,-445.0
472,-417.94503171247356,-380.0
473,-418.0611814345992,-473.0
474,-418.20421052631576,-486.0
475,-418.140756302521,-388.0
476,-418.0,-351.0
477,-417.7029288702929,-276.0
478,-417.44467640918583,-294.0
479,-417.30625,-351.0
480,-417.18918918918916,-361.0
481,-416.7033195020747,-183.0
482,-416.5776397515528,-356.0
483,-416.6095041322314,-432.0
484,-416.7237113402062,-472.0
485,-417.1296296296296,-614.0
486,-417.16427104722794,-434.0
487,-417.06762295081967,-370.0
488,-417.06134969325154,-414.0
489,-416.8612244897959,-319.0
490,-416.8350305498982,-404.0
491,-416.7378048780488,-369.0
492,-416.6632860040568,-380.0
493,-416.45546558704456,-314.0
494,-416.389898989899,-384.0
495,-416.43548387096774,-439.0
496,-416.3460764587525,-372.0
497,-415.6686746987952,-79.0
498,-415.5851703406814,-374.0
499,-415.592,-419.0
500,-415.6027944111776,-421.0
501,-415.49402390438246,-361.0
502,-415.34791252485087,-342.0
503,-415.2361111111111,-359.0
504,-415.33861386138614,-467.0
505,-415.2114624505929,-351.0
506,-414.9861932938856,-301.0
507,-414.75984251968504,-300.0
508,-414.46758349705306,-266.0
509,-414.4039215686274,-382.0
510,-414.18590998043055,-303.0
511,-414.15234375,-397.0
512,-414.2397660818713,-459.0
513,-413.920233463035,-250.0
514,-413.59417475728156,-246.0
515,-413.515503875969,-373.0
516,-413.5705996131528,-442.0
517,-413.42084942084944,-336.0
518,-413.514450867052,-462.0
519,-413.36346153846154,-335.0
520,-413.42226487523993,-444.0
521,-413.43486590038316,-420.0
522,-413.39005736137665,-390.0
523,-413.51335877862596,-478.0
524,-413.4342857142857,-372.0
525,-413.38783269961976,-389.0
526,-413.32637571157494,-381.0
527,-413.1306818181818,-310.0
528,-412.9697542533081,-328.0
529,-412.96603773584906,-411.0
530,-412.85310734463275,-353.0
531,-412.87406015037595,-424.0
532,-412.59099437148217,-262.0
533,-412.39138576779027,-306.0
534,-412.21682242990653,-319.0
535,-412.07276119402985,-335.0
536,-412.0409683426443,-395.0
537,-411.8828996282528,-327.0
538,-411.556586270872,-236.0
539,-411.47592592592594,-368.0
540,-411.2051756007394,-265.0
541,-411.18819188191884,-402.0
542,-410.64088397790056,-114.0
543,-410.6654411764706,-424.0
544,-410.5229357798165,-333.0
545,-410.5091575091575,-403.0
546,-410.2778793418647,-284.0
547,-410.4014598540146,-478.0
548,-410.3825136612022,-400.0
549,-410.26363636363635,-345.0
550,-410.33030852994557,-447.0
551,-409.8460144927536,-143.0
552,-409.249547920434,-80.0
553,-409.37906137184115,-481.0
554,-409.2900900900901,-360.0
555,-409.18884892086334,-353.0
556,-408.7737881508079,-178.0
557,-408.72222222222223,-380.0
558,-408.74776386404295,-423.0
559,-408.8803571428571,-483.0
560,-408.8627450980392,-399.0
561,-408.6886120996441,-311.0
562,-408.65364120781527,-389.0
563,-408.48758865248226,-315.0
564,-408.529203539823,-432.0
565,-408.5989399293286,-448.0
566,-408.35273368606704,-269.0
567,-408.17605633802816,-308.0
568,-408.18629173989456,-414.0
569,-407.99122807017545,-297.0
570,-407.5989492119089,-184.0
571,-407.6363636363636,-429.0
572,-407.5497382198953,-358.0
573,-407.48257839721254,-369.0
574,-407.4382608695652,-382.0
575,-407.2951388888889,-325.0
576,-407.35528596187174,-442.0
577,-407.4048442906574,-436.0
578,-407.36614853195164,-385.0
579,-407.18275862068964,-301.0
580,-407.2512908777969,-447.0
581,-407.2628865979381,-414.0
582,-407.27272727272725,-413.0
583,-407.36301369863014,-460.0
584,-407.17264957264956,-296.0
585,-407.24914675767917,-452.0
586,-407.16695059625215,-359.0
587,-407.078231292517,-355.0
588,-407.06451612903226,-399.0
589,-406.97118644067797,-352.0
590,-406.9560067681895,-398.0
591,-406.94594594594594,-401.0
592,-406.9123102866779,-387.0
593,-406.74074074074076,-305.0
594,-406.54957983193276,-293.0
595,-406.501677852349,-378.0
596,-406.21273031825797,-234.0
597,-406.18227424749165,-388.0
598,-406.19365609348915,-413.0
599,-406.25333333333333,-442.0
600,-406.33444259567386,-455.0
601,-406.10132890365446,-266.0
602,-406.07462686567163,-390.0
603,-406.0629139072848,-399.0
604,-406.09752066115703,-427.0
605,-406.15346534653463,-440.0
606,-406.19439868204284,-431.0
607,-406.24342105263156,-436.0
608,-406.0837438423645,-309.0
609,-405.98196721311473,-344.0
610,-406.050736497545,-448.0
611,-405.9117647058824,-321.0
612,-405.7079934747145,-281.0
613,-405.685667752443,-392.0
614,-405.20650406504063,-111.0
615,-405.07305194805195,-323.0
616,-404.7617504051864,-213.0
617,-404.81553398058253,-438.0
618,-404.7722132471729,-378.0
619,-404.58870967741933,-291.0
620,-404.57971014492756,-399.0
621,-404.612540192926,-425.0
622,-404.5521669341894,-367.0
623,-404.4599358974359,-347.0
624,-404.4752,-414.0
625,-404.3130990415335,-303.0
626,-404.44976076555025,-490.0
627,-404.47133757961785,-418.0
628,-404.40858505564387,-365.0
629,-404.3365079365079,-359.0
630,-404.28843106180665,-374.0
631,-404.30379746835445,-414.0
632,-404.1011058451817,-276.0
633,-403.8753943217666,-261.0
634,-403.7685039370079,-336.0
635,-403.6808176100629,-348.0
636,-403.0172684458399,19.0
637,-403.0219435736677,-406.0
638,-402.8920187793427,-320.0
639,-402.859375,-382.0
640,-402.85023400936035,-397.0
641,-402.8380062305296,-395.0
642,-402.751166407465,-347.0
643,-402.7282608695652,-388.0
644,-403.08527131782944,-633.0
645,-403.0634674922601,-389.0
646,-403.09737248840804,-425.0
647,-402.9012345679012,-276.0
648,-403.09090909090907,-526.0
649,-403.0876923076923,-401.0
650,-403.110599078341,-418.0
651,-403.0260736196319,-348.0
652,-402.86983154670753,-301.0
653,-402.77217125382265,-339.0
654,-402.6824427480916,-344.0
655,-402.7606707317073,-454.0
656,-402.6575342465753,-335.0
657,-402.5775075987842,-350.0
658,-402.6449165402124,-447.0
659,-402.65909090909093,-412.0
660,-402.61875945537065,-376.0
661,-402.63293051359517,-412.0
662,-402.65007541478127,-414.0
663,-402.61897590361446,-382.0
664,-402.593984962406,-386.0
665,-402.57207207207205,-388.0
666,-402.4182908545727,-300.0
667,-402.3488023952096,-356.0
668,-402.3856502242152,-427.0
669,-402.4522388059701,-447.0
670,-402.204172876304,-236.0
671,-402.07589285714283,-316.0
672,-402.1084695393759,-424.0
673,-401.879821958457,-248.0
674,-401.99555555555554,-480.0
675,-401.3417159763314,40.0
676,-401.4342688330872,-464.0
677,-401.3038348082596,-313.0
678,-401.3519882179676,-434.0
679,-401.23823529411766,-324.0
680,-401.2173274596182,-387.0
681,-401.09824046920824,-320.0
682,-400.89751098096633,-264.0
683,-400.8888888888889,-395.0
684,-400.7722627737226,-321.0
685,-400.77405247813414,-402.0
686,-400.73216885007275,-372.0
687,-400.61046511627904,-317.0
688,-400.77068214804063,-511.0
689,-400.67826086956524,-337.0
690,-400.24312590448625,-100.0
691,-400.242774566474,-400.0
692,-400.25396825396825,-408.0
693,-400.3559077809798,-471.0
694,-400.3611510791367,-404.0
695,-400.4583333333333,-468.0
696,-400.4476327116212,-393.0
697,-400.4025787965616,-369.0
698,-400.43204577968527,-421.0
699,-400.38,-364.0
700,-400.33523537803137,-369.0
701,-400.27777777777777,-360.0
702,-399.9587482219061,-176.0
703,-400.00284090909093,-431.0
704,-400.11631205673757,-480.0
705,-400.1699716713881,-438.0
706,-400.25035360678925,-457.0
707,-400.021186440678,-238.0
708,-400.02115655853316,-400.0
709,-399.9154929577465,-325.0
710,-399.9521800281294,-426.0
711,-399.939606741573,-391.0
712,-399.64656381486674,-191.0
713,-399.44117647058823,-253.0
714,-399.3958041958042,-367.0
715,-399.31145251396646,-339.0
716,-399.1576011157601,-289.0
717,-398.6532033426184,-37.0
718,-398.5507649513213,-325.0
719,-398.3958333333333,-287.0
720,-398.18169209431346,-244.0
721,-398.1662049861496,-387.0
722,-398.103734439834,-353.0
723,-397.7955801104972,-175.0
724,-397.75310344827585,-367.0
725,-397.7741046831956,-413.0
726,-397.687757909216,-335.0
727,-397.5453296703297,-294.0
728,-397.4074074074074,-297.0
729,-397.3904109589041,-385.0
730,-397.44596443228454,-438.0
731,-397.29234972677597,-285.0
732,-396.95770804911325,-152.0
733,-396.20708446866485,154.0
734,-396.1551020408163,-358.0
735,-395.8654891304348,-183.0
736,-395.67706919945726,-257.0
737,-395.67750677506774,-396.0
738,-395.06630581867387,56.0
739,-394.91621621621624,-284.0
740,-394.7503373819163,-272.0
741,-394.8018867924528,-433.0
742,-395.1103633916554,-624.0
743,-395.0430107526882,-345.0
744,-394.87919463087246,-273.0
745,-394.9115281501341,-419.0
746,-394.68540829986614,-226.0
747,-394.5655080213904,-305.0
748,-394.6862483311081,-485.0
749,-394.628,-351.0
750,-394.64713715046605,-409.0
751,-394.718085106383,-448.0
752,-394.3811420982736,-141.0
753,-394.2877984084881,-324.0
754,-394.2317880794702,-352.0
755,-394.12566137566137,-314.0
756,-394.0356671070013,-326.0
757,-394.0382585751979,-396.0
758,-393.67325428194994,-117.0
759,-393.7368421052632,-442.0
760,-394.1458607095926,-705.0
761,-393.9724409448819,-262.0
762,-394.0340760157274,-441.0
763,-393.9803664921466,-353.0
764,-393.85359477124183,-297.0
765,-393.7793733681462,-337.0
766,-393.6310299869622,-280.0
767,-393.4947916666667,-289.0
768,-393.31989596879066,-259.0
769,-393.2597402597403,-347.0
770,-393.1297016861219,-293.0
771,-392.8860103626943,-205.0
772,-392.7567917205692,-293.0
773,-392.702842377261,-351.0
774,-392.6554838709677,-356.0
775,-392.67525773195877,-408.0
776,-392.7117117117117,-421.0
777,-392.3508997429306,-112.0
778,-392.1655969191271,-248.0
779,-391.9025641025641,-187.0
780,-391.90396927016644,-393.0
781,-391.8695652173913,-365.0
782,-391.823754789272,-356.0
783,-391.83035714285717,-397.0
784,-391.7783439490446,-351.0
785,-391.4058524173028,-99.0
786,-391.2579415501906,-275.0
787,-391.1979695431472,-344.0
788,-391.2458808618504,-429.0
789,-391.29240506329114,-428.0
790,-391.0328697850822,-186.0
791,-390.8989898989899,-285.0
792,-390.8045397225725,-316.0
793,-390.7947103274559,-383.0
794,-390.7559748427673,-360.0
795,-390.79899497487435,-425.0
796,-390.7854454203262,-380.0
797,-390.66040100250626,-291.0
798,-390.5219023779725,-280.0
799,-390.3625,-263.0
800,-390.3071161048689,-346.0
801,-390.08229426433917,-210.0
802,-389.9601494396015,-292.0
803,-389.71019900497515,-189.0
804,-389.6198757763975,-317.0
805,-389.1575682382134,-17.0
806,-389.0061957868649,-267.0
807,-388.80940594059405,-230.0
808,-388.8380716934487,-412.0
809,-388.8160493827161,-371.0
810,-388.88162762022193,-442.0
811,-388.8374384236453,-353.0
812,-388.7047970479705,-281.0
813,-388.7346437346437,-413.0
814,-388.70061349693253,-361.0
815,-388.4424019607843,-178.0
816,-388.30722154222764,-278.0
817,-388.0867970660147,-208.0
818,-388.052503052503,-360.0
819,-388.02560975609754,-366.0
820,-387.88550548112056,-273.0
821,-387.9537712895377,-444.0
822,-387.68651275820173,-168.0
823,-387.6383495145631,-348.0
824,-387.62060606060606,-373.0
825,-387.42978208232444,-230.0
826,-387.4752116082225,-425.0
827,-387.3490338164251,-283.0
828,-387.2388419782871,-296.0
829,-387.03373493975903,-217.0
830,-386.9290012033694,-300.0
831,-386.7235576923077,-216.0
832,-386.7515006002401,-410.0
833,-386.6666666666667,-316.0
834,-386.5185628742515,-263.0
835,-386.3074162679426,-210.0
836,-385.93667861409796,-76.0
837,-385.8031026252983,-274.0
838,-385.8057210965435,-388.0
839,-385.82142857142856,-399.0
840,-385.81450653983353,-380.0
841,-385.7790973871734,-356.0
842,-385.66429418742587,-289.0
843,-385.5118483412322,-257.0
844,-385.40473372781065,-295.0
845,-385.2931442080378,-291.0
846,-385.35064935064935,-434.0
847,-385.12735849056605,-196.0
848,-384.85865724381625,-157.0
849,-384.88823529411764,-410.0
850,-384.94712103407755,-435.0
851,-384.99530516431923,-426.0
852,-385.00117233294253,-390.0
853,-385.0503512880562,-427.0
854,-385.03508771929825,-372.0
855,-385.0128504672897,-366.0
856,-384.71528588098016,-130.0
857,-384.42890442890445,-139.0
858,-384.0908032596042,-94.0
859,-384.13255813953486,-420.0
860,-383.74564459930315,-51.0
861,-383.7633410672854,-399.0
862,-383.8505214368482,-459.0
863,-383.4826388888889,-66.0
864,-382.95375722543355,74.0
865,-382.9549653579677,-384.0
866,-382.7762399077278,-228.0
867,-382.83986175115206,-438.0
868,-382.8757192174914,-414.0
869,-382.53793103448277,-89.0
870,-382.585533869116,-424.0
871,-382.4426605504587,-258.0
872,-382.41466208476515,-358.0
873,-382.2894736842105,-273.0
874,-382.30514285714287,-396.0
875,-382.34703196347033,-419.0
876,-382.4161915621437,-443.0
877,-382.4134396355353,-380.0
878,-382.3731513083049,-347.0
879,-382.4136363636364,-418.0
880,-382.3984108967083,-369.0
881,-382.3049886621315,-300.0
882,-381.9331823329558,-54.0
883,-381.9117647058824,-363.0
884,-381.6994350282486,-194.0
885,-381.7765237020316,-450.0
886,-381.7249154453213,-336.0
887,-381.7432432432432,-398.0
888,-381.7424071991001,-381.0
889,-381.5280898876405,-191.0
890,-381.59371492704827,-440.0
891,-381.61322869955154,-399.0
892,-381.6136618141097,-382.0
893,-381.4552572706935,-240.0
894,-381.4860335195531,-409.0
895,-381.3705357142857,-278.0
896,-381.00222965440355,-51.0
897,-380.70267260579067,-112.0
898,-380.2246941045606,49.0
899,-380.20666666666665,-364.0
900,-380.0965593784684,-281.0
901,-380.06873614190687,-355.0
902,-379.7220376522702,-67.0
903,-379.6449115044248,-310.0
904,-379.5966850828729,-336.0
905,-379.6423841059603,-421.0
906,-379.6284454244763,-367.0
907,-379.37775330396477,-152.0
908,-379.0781078107811,-107.0
909,-379.17252747252746,-465.0
910,-379.04281009879253,-261.0
911,-379.01644736842104,-355.0
912,-379.10295728368015,-458.0
913,-379.0328227571116,-315.0
914,-378.63825136612024,-18.0
915,-378.5524017467249,-300.0
916,-378.6237731733915,-444.0
917,-378.5119825708061,-276.0
918,-378.3242655059848,-206.0
919,-378.2836956521739,-341.0
920,-378.2421281216069,-340.0
921,-378.22668112798266,-364.0
922,-377.92091007583963,-96.0
923,-377.6028138528139,-84.0
924,-377.6378378378378,-410.0
925,-377.4427645788337,-197.0
926,-377.28371089536137,-230.0
927,-377.2176724137931,-316.0
928,-377.3595263724435,-509.0
929,-377.8043010752688,-791.0
930,-377.7980665950591,-372.0
931,-377.71030042918454,-296.0
932,-377.2390139335477,62.0
933,-377.3169164882227,-450.0
934,-377.3614973262032,-419.0
935,-377.1826923076923,-210.0
936,-377.1728922091782,-368.0
937,-376.8400852878465,-65.0
938,-376.84558040468585,-382.0
939,-376.67340425531916,-215.0
940,-376.65249734325187,-357.0
941,-376.63906581740974,-364.0
942,-376.5630965005302,-305.0
943,-376.52542372881356,-341.0
944,-376.5132275132275,-365.0
945,-376.45983086680764,-326.0
946,-376.48574445617743,-401.0
947,-376.4314345991561,-325.0
948,-376.4214963119073,-367.0
949,-376.2936842105263,-255.0
950,-376.03259726603574,-128.0
951,-376.0420168067227,-385.0
952,-376.0451206715635,-379.0
953,-376.0125786163522,-345.0
954,-375.77905759162303,-153.0
955,-375.7897489539749,-386.0
956,-375.8599791013584,-443.0
957,-375.71920668058453,-241.0
958,-375.5985401459854,-260.0
959,-375.64375,-419.0
960,-375.4693028095734,-208.0
961,-375.6829521829522,-581.0
962,-375.67289719626166,-366.0
963,-375.40767634854774,-120.0
964,-375.30259067357514,-274.0
965,-375.30227743271223,-375.0
966,-375.3422957600827,-414.0
967,-375.3388429752066,-372.0
968,-375.0423116615067,-88.0
969,-375.06907216494847,-401.0
970,-374.8959835221421,-207.0
971,-374.7808641975309,-263.0
972,-374.70195272353544,-298.0
973,-374.69096509240245,-364.0
974,-374.3405128205128,-33.0
975,-374.38012295081967,-413.0
976,-374.2548618219038,-252.0
977,-374.09918200409,-222.0
978,-373.97957099080696,-257.0
979,-373.9204081632653,-316.0
980,-373.84199796126404,-297.0
981,-373.4164969450102,44.0
982,-373.26958290946084,-229.0
983,-373.1656504065041,-271.0
984,-373.2263959390863,-433.0
985,-372.93610547667345,-87.0
986,-372.86220871327254,-300.0
987,-372.748987854251,-261.0
988,-372.59150657229526,-217.0
989,-372.43535353535356,-218.0
990,-372.25731584258324,-196.0
991,-372.02016129032256,-137.0
992,-372.07653575025176,-428.0
993,-371.95472837022135,-251.0
994,-371.99195979899497,-409.0
995,-372.02510040160644,-405.0
996,-371.6810431293882,-29.0
997,-371.60420841683367,-295.0
998,-371.54354354354354,-311.0
999,-371.443,-271.0
1000,-371.3686313686314,-297.0
1001,-371.2365269461078,-239.0
1002,-371.1954137587238,-330.0
1003,-371.300796812749,-477.0
1004,-371.18407960199005,-254.0
1005,-371.1471172962227,-334.0
1006,-371.0496524329692,-273.0
1007,-371.0267857142857,-348.0
1008,-371.0515361744301,-396.0
1009,-370.9504950495049,-269.0
1010,-370.809099901088,-228.0
1011,-370.77569169960475,-337.0
1012,-370.8015794669299,-397.0
1013,-370.7564102564103,-325.0
1014,-370.64630541871924,-259.0
1015,-370.3248031496063,-44.0
1016,-370.1612586037365,-204.0
1017,-370.10019646365424,-308.0
1018,-369.94406280667323,-211.0
1019,-370.00392156862745,-431.0
1020,-369.87952987267386,-243.0
1021,-369.7837573385519,-272.0
1022,-369.7468230694037,-332.0
1023,-369.3984375,-13.0
1024,-369.1756097560976,-141.0
1025,-368.911306042885,-98.0
1026,-368.7711781888997,-225.0
1027,-368.77140077821014,-369.0
1028,-368.3790087463557,35.0
1029,-368.41650485436895,-407.0
1030,-368.43937924345295,-392.0
1031,-368.4234496124031,-352.0
1032,-368.4278799612778,-373.0
1033,-368.2804642166344,-216.0
1034,-368.25024154589374,-337.0
1035,-368.1177606177606,-231.0
1036,-367.8196721311475,-59.0
1037,-367.79576107899805,-343.0
1038,-367.5986525505294,-163.0
1039,-367.3942307692308,-155.0
1040,-367.3967339097022,-370.0
1041,-367.3637236084453,-333.0
1042,-367.3048897411314,-306.0
1043,-367.34099616858236,-405.0
1044,-367.24306220095696,-265.0
1045,-367.23135755258124,-355.0
1046,-367.20343839541545,-338.0
1047,-366.8702290076336,-18.0
1048,-366.8970448045758,-395.0
1049,-366.8885714285714,-358.0
1050,-366.87155090390104,-349.0
1051,-366.5750950570342,-55.0
1052,-366.60018993352327,-393.0
1053,-366.5815939278937,-347.0
1054,-366.41990521327017,-196.0
1055,-365.9251893939394,156.0
1056,-365.89403973509934,-333.0
1057,-365.8431001890359,-312.0
1058,-365.728045325779,-244.0
1059,-365.6735849056604,-308.0
1060,-365.7200754005655,-415.0
1061,-365.72033898305085,-366.0
1062,-365.6500470366886,-291.0
1063,-365.6907894736842,-409.0
1064,-365.01596244131457,353.0
1065,-364.9887429643527,-336.0
1066,-365.03092783505156,-410.0
1067,-364.95786516853934,-287.0
1068,-364.83629560336766,-235.0
1069,-364.69345794392524,-212.0
1070,-364.7675070028011,-444.0
1071,-364.84981343283584,-453.0
1072,-364.8173345759553,-330.0
1073,-364.80167597765364,-348.0
1074,-364.6781395348837,-232.0
1075,-364.5594795539034,-237.0
1076,-364.3259052924791,-113.0
1077,-364.3636363636364,-405.0
1078,-364.33086190917516,-329.0
1079,-364.3009259259259,-332.0
1080,-364.09065679925993,-137.0
1081,-363.98243992606285,-247.0
1082,-363.9602954755309,-340.0
1083,-363.90682656826567,-306.0
1084,-363.8304147465438,-281.0
1085,-363.5948434622468,-108.0
1086,-363.3422263109476,-89.0
1087,-363.5726102941176,-614.0
1088,-363.47199265381084,-254.0
1089,-363.5642201834862,-464.0
1090,-363.4317140238314,-219.0
1091,-363.3305860805861,-253.0
1092,-363.2387923147301,-263.0
1093,-363.3126142595978,-444.0
1094,-363.17534246575343,-213.0
1095,-363.05018248175185,-226.0
1096,-362.7228805834093,-4.0
1097,-362.54918032786884,-172.0
1098,-362.287534121929,-75.0
1099,-362.1463636363636,-207.0
1100,-362.0508628519528,-257.0
1101,-361.9736842105263,-277.0
1102,-361.9918404351768,-382.0
1103,-361.9347826086956,-299.0
1104,-361.8226244343891,-238.0
1105,-361.76672694394216,-300.0
1106,-361.613369467028,-192.0
1107,-361.6028880866426,-350.0
1108,-361.5770964833183,-333.0
1109,-361.36756756756756,-129.0
1110,-361.3096309630963,-297.0
1111,-361.2140287769784,-255.0
1112,-361.0485175202156,-177.0
1113,-361.11759425493716,-438.0
1114,-361.1040358744395,-346.0
1115,-361.0501792114695,-301.0
1116,-360.7555953446732,-32.0
1117,-360.51431127012523,-91.0
1118,-360.18319928507594,10.0
1119,-359.99910714285716,-154.0
1120,-359.7029438001784,-28.0
1121,-359.698752228164,-355.0
1122,-359.64113980409616,-295.0
1123,-359.5338078291815,-239.0
1124,-359.49955555555556,-321.0
1125,-359.2380106571936,-65.0
1126,-359.2786157941437,-405.0
1127,-359.22340425531917,-297.0
1128,-359.2418069087688,-380.0
1129,-358.9663716814159,-48.0
1130,-358.47480106100795,197.0
1131,-358.11395759717317,50.0
1132,-357.7775816416593,23.0
1133,-357.62610229276896,-186.0
1134,-357.48458149779736,-197.0
1135,-357.5044014084507,-380.0
1136,-357.49780123131046,-350.0
1137,-357.5773286467487,-448.0
1138,-357.2985074626866,-40.0
1139,-357.22543859649124,-274.0
1140,-357.1910604732691,-318.0
1141,-357.2451838879159,-419.0
1142,-356.9763779527559,-50.0
1143,-356.9825174825175,-364.0
1144,-356.9475982532751,-317.0
1145,-357.0061082024433,-424.0
1146,-356.7027027027027,-9.0
1147,-356.2831010452962,125.0
1148,-356.25500435161007,-324.0
1149,-356.16,-247.0
1150,-355.98957428323195,-160.0
1151,-355.9817708333333,-347.0
1152,-356.03035559410233,-412.0
1153,-355.92287694974004,-232.0
1154,-355.808658008658,-224.0
1155,-355.7517301038062,-290.0
1156,-355.7130509939499,-311.0
1157,-355.58290155440415,-205.0
1158,-355.45383951682487,-206.0
1159,-355.4896551724138,-397.0
1160,-355.43324720068904,-290.0
1161,-355.2934595524957,-193.0
1162,-355.3284608770421,-396.0
1163,-355.1872852233677,-191.0
1164,-355.16738197424894,-332.0
1165,-354.9699828473413,-125.0
1166,-354.77806341045414,-131.0
1167,-354.7782534246575,-355.0
1168,-354.70915312232677,-274.0
1169,-354.56324786324785,-184.0
1170,-354.51750640478224,-301.0
1171,-354.5341296928328,-374.0
1172,-354.5055413469736,-321.0
1173,-354.36371379897787,-188.0
1174,-354.1268085106383,-76.0
1175,-354.10714285714283,-331.0
1176,-354.0135938827528,-244.0
1177,-353.7792869269949,-78.0
1178,-353.6276505513147,-175.0
1179,-353.57881355932204,-296.0
1180,-353.2921253175275,-15.0
1181,-353.0109983079526,-21.0
1182,-353.1918850380389,-567.0
1183,-353.2474662162162,-419.0
1184,-353.1502109704641,-238.0
1185,-353.18971332209105,-400.0
1186,-353.23504633529905,-407.0
1187,-353.1885521885522,-298.0
1188,-353.2497897392767,-426.0
1189,-353.2226890756302,-321.0
1190,-353.25860621326615,-396.0
1191,-353.26258389261744,-358.0
1192,-352.9823973176865,-19.0
1193,-352.96231155778895,-329.0
1194,-352.69539748953974,-34.0
1195,-352.63377926421407,-279.0
1196,-352.64745196324145,-369.0
1197,-352.68697829716194,-400.0
1198,-352.7164303586322,-388.0
1199,-352.56416666666667,-170.0
1200,-352.5645295587011,-353.0
1201,-352.3477537437604,-92.0
1202,-351.92851205320034,152.0
1203,-351.98006644518273,-414.0
1204,-351.8356846473029,-178.0
1205,-351.68822553897184,-174.0
1206,-351.67439933719965,-335.0
1207,-351.6200331125828,-286.0
1208,-351.27047146401986,71.0
1209,-351.28512396694214,-369.0
1210,-351.251857968621,-311.0
1211,-351.13696369636966,-212.0
1212,-351.1681780708986,-389.0
1213,-351.2364085667216,-434.0
1214,-350.9769547325103,-36.0
1215,-351.0328947368421,-419.0
1216,-351.0599835661463,-384.0
1217,-351.06978653530376,-363.0
1218,-350.90401968826905,-149.0
1219,-350.95983606557377,-419.0
1220,-350.84520884520884,-211.0
1221,-350.71358428805235,-190.0
1222,-350.5028618152085,-93.0
1223,-350.45669934640523,-294.0
1224,-350.4865306122449,-387.0
1225,-350.10766721044047,114.0
1226,-349.9119804400978,-110.0
1227,-349.7345276872964,-132.0
1228,-349.78437754271766,-411.0
1229,-349.55853658536586,-72.0
1230,-349.55808285946387,-349.0
1231,-349.50243506493507,-281.0
1232,-349.419302514193,-247.0
1233,-349.37682333873585,-297.0
1234,-349.3497975708502,-316.0
1235,-349.26375404530745,-243.0
1236,-349.03233629749394,-63.0
1237,-348.9765751211632,-280.0
1238,-348.83454398708636,-173.0
1239,-348.81129032258065,-320.0
1240,-348.51732473811444,16.0
1241,-348.41867954911436,-226.0
1242,-348.461786001609,-402.0
1243,-348.54501607717043,-452.0
1244,-348.5036144578313,-297.0
1245,-348.5609951845907,-420.0
1246,-348.485966319166,-255.0
1247,-348.28365384615387,-96.0
1248,-348.30024019215375,-369.0
1249,-347.844,222.0
1250,-347.78097521982414,-269.0
1251,-347.5790734824281,-95.0
1252,-347.4612928970471,-200.0
1253,-347.4194577352472,-295.0
1254,-347.37051792828686,-286.0
1255,-347.28343949044586,-238.0
1256,-347.4073190135243,-503.0
1257,-347.2877583465819,-197.0
1258,-347.36616362192217,-446.0
1259,-347.39920634920634,-389.0
1260,-347.43536875495636,-393.0
1261,-347.29793977812994,-174.0
1262,-347.1575613618369,-170.0
1263,-347.1384493670886,-323.0
1264,-346.95415019762845,-114.0
1265,-346.8135860979463,-169.0
1266,-346.7963693764799,-325.0
1267,-346.78943217665613,-338.0
1268,-346.6327817178881,-148.0
1269,-346.4464566929134,-110.0
1270,-346.24468922108576,-90.0
1271,-346.2672955974843,-375.0
1272,-346.2498036135114,-324.0
1273,-346.26766091051803,-369.0
1274,-346.33882352941174,-437.0
1275,-346.2460815047022,-228.0
1276,-346.2028191072827,-291.0
1277,-346.21909233176837,-367.0
1278,-345.94370602032836,6.0
1279,-346.0046875,-424.0
1280,-345.92349726775956,-242.0
1281,-345.6817472698908,-36.0
1282,-345.42166796570535,-12.0
1283,-345.4166666666667,-339.0
1284,-345.19844357976655,-65.0
1285,-344.95489891135304,-32.0
1286,-344.8073038073038,-155.0
1287,-344.6630434782609,-159.0
1288,-344.59503491078357,-257.0
1289,-344.53178294573644,-263.0
1290,-344.5631293570875,-385.0
1291,-344.60758513931887,-402.0
1292,-344.585460170147,-316.0
1293,-344.51700154559506,-256.0
1294,-344.18455598455597,86.0
1295,-344.25308641975306,-433.0
1296,-344.1572860447186,-220.0
1297,-344.02157164869027,-168.0
1298,-344.072363356428,-410.0
1299,-344.1384615384615,-430.0
1300,-343.83551114527285,50.0
1301,-343.7219662058372,-196.0
1302,-343.52110514198006,-82.0
1303,-343.5881901840491,-431.0
1304,-343.6697318007663,-450.0
1305,-343.7450229709035,-442.0
1306,-343.65723029839324,-229.0
1307,-343.6918960244648,-389.0
1308,-343.6355996944232,-270.0
1309,-343.6442748091603,-355.0
1310,-343.70327993897786,-421.0
1311,-343.5594512195122,-155.0
1312,-343.53922315308455,-317.0
1313,-343.1407914764079,180.0
1314,-343.03269961977185,-201.0
1315,-343.02659574468083,-335.0
1316,-342.98709187547456,-291.0
1317,-342.8277693474962,-133.0
1318,-342.778620166793,-278.0
1319,-342.8212121212121,-399.0
1320,-342.70552611657837,-190.0
1321,-342.3464447806354,132.0
1322,-342.1179138321995,-40.0
1323,-342.17673716012087,-420.0
1324,-342.1094339622642,-253.0
1325,-342.1553544494721,-403.0
1326,-342.2132629992464,-419.0
1327,-342.2296686746988,-364.0
1328,-342.084273890143,-149.0
1329,-342.12631578947367,-398.0
1330,-341.95792637114954,-118.0
1331,-341.9046546546547,-271.0
1332,-341.86121530382593,-284.0
1333,-341.79385307346325,-252.0
1334,-341.52509363295883,17.0
1335,-341.54940119760477,-374.0
1336,-341.3582647718773,-86.0
1337,-341.36322869955154,-348.0
1338,-341.1575802837939,-66.0
1339,-341.089552238806,-250.0
1340,-340.868754660701,-45.0
1341,-340.7511177347243,-183.0
1342,-340.62546537602384,-172.0
1343,-340.5684523809524,-264.0
1344,-340.41635687732344,-136.0
1345,-340.2273402674591,-86.0
1346,-340.0972531551596,-165.0
1347,-339.9747774480712,-175.0
1348,-339.7776130467013,-74.0
1349,-339.5985185185185,-98.0
1350,-339.3382679496669,12.0
1351,-338.92455621301775,220.0
1352,-338.9660014781966,-395.0
1353,-338.6765140324963,53.0
1354,-338.6575645756458,-313.0
1355,-338.6725663716814,-359.0
1356,-338.4178334561533,7.0
1357,-338.34241531664213,-236.0
1358,-338.2067696835909,-154.0
1359,-338.1507352941176,-262.0
1360,-338.13519470977224,-317.0
1361,-338.1820851688693,-402.0
1362,-338.12545854732207,-261.0
1363,-338.116568914956,-326.0
1364,-338.06666666666666,-270.0
1365,-337.9333821376281,-156.0
1366,-337.7637161667886,-106.0
1367,-337.7061403508772,-259.0
1368,-337.64791818845873,-258.0
1369,-337.578102189781,-242.0
1370,-337.56163384390953,-315.0
1371,-337.4657434402332,-206.0
1372,-337.3394027676621,-164.0
1373,-337.35735080058225,-362.0
1374,-337.3847272727273,-375.0
1375,-337.3720930232558,-320.0
1376,-337.3173565722585,-262.0
1377,-337.2677793904209,-269.0
1378,-337.27556200145034,-348.0
1379,-337.1,-95.0
1380,-336.98769007965245,-182.0
1381,-336.8697539797395,-174.0
1382,-336.83803326102674,-293.0
1383,-336.59537572254334,-1.0
1384,-336.51913357400724,-231.0
1385,-336.3607503607504,-117.0
1386,-336.3410237923576,-309.0
1387,-336.21325648414984,-159.0
1388,-335.9647228221742,9.0
1389,-335.6194244604317,144.0
1390,-335.52983465132996,-211.0
1391,-335.4310344827586,-198.0
1392,-335.1852117731515,7.0
1393,-335.14777618364417,-283.0
1394,-335.231541218638,-452.0
1395,-335.25358166189113,-366.0
1396,-335.17752326413745,-229.0
1397,-334.77896995708153,222.0
1398,-334.7276626161544,-263.0
1399,-334.5464285714286,-81.0
1400,-334.5460385438972,-334.0
1401,-334.46718972895866,-224.0
1402,-334.2494654312188,-29.0
1403,-334.32122507122506,-435.0
1404,-334.1772241992883,-132.0
1405,-334.00426742532005,-91.0
1406,-333.8862828713575,-168.0
1407,-333.7365056818182,-123.0
1408,-333.67068843151173,-241.0
1409,-333.69078014184396,-362.0
1410,-333.66265060240966,-294.0
1411,-333.41784702549575,12.0
1412,-333.3064401981599,-176.0
1413,-333.2892503536068,-309.0
1414,-333.25371024734983,-283.0
1415,-333.15677966101697,-196.0
1416,-333.07057163020465,-211.0
1417,-333.0373765867419,-286.0
1418,-332.8040873854827,-2.0
1419,-332.7549295774648,-263.0
1420,-332.68824771287825,-238.0
1421,-332.5541490857947,-142.0
1422,-332.3717498243148,-73.0
1423,-332.2387640449438,-143.0
1424,-332.31929824561405,-447.0
1425,-332.2258064516129,-199.0
1426,-331.9334267694464,85.0
1427,-331.8291316526611,-183.0
1428,-331.8075577326802,-301.0
1429,-331.7594405594406,-263.0
1430,-331.34171907756814,266.0
1431,-331.16480446927375,-78.0
1432,-331.1311933007676,-283.0
1433,-330.9009762900976,-1.0
1434,-330.93379790940764,-378.0
1435,-330.8649025069638,-232.0
1436,-330.7710508002784,-196.0
1437,-330.6529902642559,-161.0
1438,-330.6851980542043,-377.0
1439,-330.46666666666664,-16.0
1440,-330.28036086051355,-62.0
1441,-330.29542302357834,-352.0
1442,-329.967428967429,143.0
1443,-329.8268698060942,-127.0
1444,-329.88927335640136,-420.0
1445,-329.7973720608575,-197.0
1446,-329.8016586040083,-336.0
1447,-329.7175414364641,-208.0
1448,-329.6473429951691,-228.0
1449,-329.47655172413795,-82.0
1450,-329.37973811164716,-189.0
1451,-329.32851239669424,-255.0
1452,-329.21816930488643,-169.0
1453,-329.0845942228336,-135.0
1454,-329.0701030927835,-308.0
1455,-329.13186813186815,-419.0
1456,-329.0576527110501,-221.0
1457,-329.0514403292181,-320.0
1458,-328.7511994516792,109.0
1459,-328.8068493150685,-410.0
1460,-328.7371663244353,-227.0
1461,-328.54924760601915,-54.0
1462,-328.3451811346548,-30.0
1463,-328.4139344262295,-429.0
1464,-328.2621160409556,-106.0
1465,-327.76466575716233,401.0
1466,-327.5623721881391,-31.0
1467,-327.36307901907355,-35.0
1468,-327.214431586113,-109.0
1469,-327.1823129251701,-280.0
1470,-327.05302515295716,-137.0
1471,-327.0,-249.0
1472,-327.081466395112,-447.0
1473,-326.9369063772049,-114.0
1474,-326.83322033898304,-174.0
1475,-326.73848238482384,-187.0
1476,-326.4719025050779,67.0
1477,-326.0020297699594,368.0
1478,-325.8661257606491,-125.0
1479,-325.7175675675676,-106.0
1480,-325.76637407157324,-398.0
1481,-325.7152496626181,-250.0
1482,-325.73971679028995,-362.0
1483,-325.71832884097034,-294.0
1484,-325.5804713804714,-121.0
1485,-325.5201884253028,-236.0
1486,-325.5090786819099,-309.0
1487,-325.1747311827957,172.0
1488,-325.201477501679,-365.0
1489,-325.1536912751678,-254.0
1490,-325.1542588866533,-326.0
1491,-325.1481233243968,-316.0
1492,-325.1855324849297,-381.0
1493,-325.1271753681392,-238.0
1494,-324.7926421404682,175.0
1495,-324.78208556149735,-309.0
1496,-324.84836339345355,-424.0
1497,-324.7917222963952,-240.0
1498,-324.54769846564375,41.0
1499,-324.436,-157.0
1500,-324.363091272485,-215.0
1501,-324.34820239680425,-302.0
1502,-324.2747837658017,-214.0
1503,-324.281914893617,-335.0
1504,-324.30963455149504,-366.0
1505,-324.1029216467463,-13.0
1506,-324.0258792302588,-208.0
1507,-323.89588859416443,-128.0
1508,-323.76474486414844,-126.0
1509,-323.80066225165564,-378.0
1510,-323.83984116479155,-383.0
1511,-323.53439153439155,138.0
1512,-323.49173826834107,-259.0
1513,-323.21928665786,89.0
1514,-323.0138613861386,-12.0
1515,-322.8918205804749,-138.0
1516,-322.9637442320369,-432.0
1517,-322.9387351778656,-285.0
1518,-322.71691902567477,14.0
1519,-322.78026315789475,-419.0
1520,-322.76331360946745,-297.0
1521,-322.78712220762156,-359.0
1522,-322.7360472751149,-245.0
1523,-322.5242782152231,0.0
1524,-322.52983606557376,-331.0
1525,-322.14220183486236,269.0
1526,-322.0805500982318,-228.0
1527,-322.1675392670157,-455.0
1528,-322.1242642249837,-256.0
1529,-322.03071895424836,-179.0
1530,-322.02286087524493,-310.0
1531,-322.0750652741514,-402.0
1532,-321.87801696020875,-20.0
1533,-321.8833116036506,-330.0
1534,-321.9055374592834,-356.0
1535,-321.9088541666667,-327.0
1536,-321.86987638256346,-262.0
1537,-321.8302990897269,-261.0
1538,-321.82716049382714,-317.0
1539,-321.70714285714286,-137.0
1540,-321.50032446463337,-3.0
1541,-321.4597924773022,-259.0
1542,-321.43745949449124,-287.0
1543,-321.27979274611397,-78.0
1544,-321.03106796116504,63.0
1545,-321.0433376455369,-340.0
1546,-321.03425985778927,-307.0
1547,-321.1208010335917,-455.0
1548,-321.1007101355713,-290.0
1549,-321.0270967741935,-207.0
1550,-321.04190844616375,-344.0
1551,-320.8253865979381,15.0
1552,-320.85769478428847,-371.0
1553,-320.7348777348777,-130.0
1554,-320.43086816720256,152.0
1555,-320.3676092544987,-222.0
1556,-320.37700706486834,-335.0
1557,-320.29204107830554,-188.0
1558,-320.21295702373317,-197.0
1559,-320.16153846153844,-240.0
1560,-319.97373478539396,-27.0
1561,-320.0083226632522,-374.0
1562,-320.05694177863086,-396.0
1563,-320.1214833759591,-421.0
1564,-320.0619808306709,-227.0
1565,-319.8512132822478,10.0
1566,-319.6470963624761,0.0
1567,-319.6345663265306,-300.0
1568,-319.32313575525814,169.0
1569,-319.2343949044586,-180.0
1570,-319.2081476766391,-278.0
1571,-319.176844783715,-270.0
1572,-319.11252383979655,-218.0
1573,-319.11499364675984,-323.0
1574,-318.90730158730156,8.0
1575,-318.80901015228426,-164.0
1576,-318.6207989854153,-22.0
1577,-318.59125475285174,-272.0
1578,-318.6352121595947,-388.0
1579,-318.453164556962,-31.0
1580,-318.4788108791904,-359.0
1581,-318.4058154235145,-203.0
1582,-318.3190145293746,-181.0
1583,-318.3068181818182,-299.0
1584,-318.33880126182964,-369.0
1585,-318.38398486759144,-390.0
1586,-318.34026465028353,-249.0
1587,-318.3734256926952,-371.0
1588,-318.34675896790435,-276.0
1589,-318.3320754716981,-295.0
1590,-318.2928975487115,-256.0
1591,-318.3115577889447,-348.0
1592,-318.1186440677966,-11.0
1593,-317.94291091593476,-38.0
1594,-317.88965517241377,-233.0
1595,-317.84461152882204,-246.0
1596,-317.8434564809017,-316.0
1597,-317.8642052565707,-351.0
1598,-317.7354596622889,-112.0
1599,-317.71,-277.0
1600,-317.6976889444097,-298.0
1601,-317.69101123595505,-307.0
1602,-317.674984404242,-292.0
1603,-317.60660847880297,-208.0
1604,-317.386292834891,36.0
1605,-317.2210460772105,-52.0
1606,-317.2059738643435,-293.0
1607,-317.18905472636817,-290.0
1608,-317.01180857675575,-32.0
1609,-316.96521739130435,-242.0
1610,-316.97268777157046,-329.0
1611,-316.6395781637717,220.0
1612,-316.3323000619963,179.0
1613,-316.2552664188352,-192.0
1614,-316.08544891640867,-42.0
1615,-315.96596534653463,-123.0
1616,-315.74953617810763,34.0
1617,-315.7713226205192,-351.0
1618,-315.80420012353306,-369.0
1619,-315.8561728395062,-400.0
1620,-315.5391733497841,198.0
1621,-315.4679408138101,-200.0
1622,-315.2969808995687,-38.0
1623,-315.2278325123153,-203.0
1624,-315.296,-426.0
1625,-315.20418204182045,-166.0
1626,-315.1690227412416,-258.0
1627,-315.1449631449631,-276.0
1628,-314.9852670349908,-55.0
1629,-314.7711656441718,34.0
1630,-314.8050275904353,-370.0
1631,-314.82046568627453,-340.0
1632,-314.7850581751378,-257.0
1633,-314.45716034271726,221.0
1634,-314.297247706422,-53.0
1635,-314.08068459657704,40.0
1636,-314.1417226634087,-414.0
1637,-313.9761904761905,-43.0
1638,-313.78279438682125,3.0
1639,-313.64451219512193,-87.0
1640,-313.7014015843998,-407.0
1641,-313.44884287454323,101.0
1642,-313.33353621424226,-124.0
1643,-313.34124087591243,-326.0
1644,-313.12705167173254,39.0
1645,-313.03159173754557,-156.0
1646,-313.0528233151184,-348.0
1647,-312.7742718446602,146.0
1648,-312.82656155245604,-399.0
1649,-312.77878787878785,-234.0
1650,-312.74984857662025,-265.0
1651,-312.703995157385,-237.0
1652,-312.61464004839684,-165.0
1653,-312.58827085852477,-269.0
1654,-312.4465256797583,-78.0
1655,-312.2481884057971,16.0
1656,-312.1611345805673,-168.0
1657,-312.09951749095296,-210.0
1658,-311.91018685955396,2.0
1659,-311.7584337349398,-60.0
1660,-311.66827212522577,-162.0
1661,-311.51744885679904,-61.0
1662,-311.55562236921224,-375.0
1663,-311.45552884615387,-145.0
1664,-311.3021021021021,-56.0
1665,-311.28031212484996,-275.0
1666,-311.0827834433113,18.0
1667,-311.09952038369306,-339.0
1668,-310.90173756740563,19.0
1669,-310.88982035928143,-291.0
1670,-310.737881508079,-57.0
1671,-310.6363636363636,-141.0
1672,-310.4961147638972,-76.0
1673,-310.5704898446834,-435.0
1674,-310.53253731343284,-247.0
1675,-310.49940334128877,-255.0
1676,-310.3953488372093,-136.0
1677,-310.3021454112038,-154.0
1678,-310.3627159023228,-412.0
1679,-310.2625,-142.0
1680,-310.28911362284356,-355.0
1681,-310.2330558858502,-216.0
1682,-310.1806298276887,-222.0
1683,-310.0659144893112,-117.0
1684,-309.8967359050445,-25.0
1685,-309.86773428232505,-261.0
1686,-309.8043864848844,-203.0
1687,-309.75118483412325,-220.0
1688,-309.5577264653641,17.0
1689,-309.5473372781065,-292.0
1690,-309.4654050857481,-171.0
1691,-309.3262411347518,-74.0
1692,-309.1907855877141,-80.0
1693,-309.0791027154664,-120.0
1694,-308.9238938053097,-46.0
1695,-308.85908018867923,-199.0
1696,-308.9021803182086,-382.0
1697,-308.7532391048292,-56.0
1698,-308.5779870512066,-11.0
1699,-308.4752941176471,-134.0
1700,-308.45561434450326,-275.0
1701,-308.4412455934195,-284.0
1702,-308.40751614797415,-251.0
1703,-308.2987089201878,-123.0
1704,-308.3026392961877,-315.0
1705,-308.25087924970694,-220.0
1706,-308.1042765084944,-58.0
1707,-308.0,-130.0
1708,-307.80456407255707,26.0
1709,-307.7730994152047,-254.0
1710,-307.6604324956166,-115.0
1711,-307.68224299065423,-345.0
1712,-307.6427320490368,-240.0
1713,-307.52333722287045,-103.0
1714,-307.5539358600583,-360.0
1715,-307.5524475524476,-305.0
1716,-307.45136866627837,-134.0
1717,-307.3917345750873,-205.0
1718,-307.28679464805117,-127.0
1719,-307.36337209302326,-439.0
1720,-307.2202208018594,-61.0
1721,-306.8815331010453,276.0
1722,-306.62217063261755,140.0
1723,-306.65719257540604,-367.0
1724,-306.6886956521739,-361.0
1725,-306.4606025492468,87.0
1726,-306.29473074696006,-20.0
1727,-306.2037037037037,-149.0
1728,-306.0965876229034,-121.0
1729,-306.0023121387283,-143.0
1730,-305.7163489312536,189.0
1731,-305.56697459584296,-47.0
1732,-305.46393537218694,-127.0
1733,-305.42272202998845,-234.0
1734,-305.3827089337176,-236.0
1735,-305.16705069124424,69.0
1736,-305.04490500863557,-93.0
1737,-305.0115074798619,-247.0
1738,-305.06440483036226,-397.0
1739,-304.93563218390807,-81.0
1740,-304.9103963239518,-261.0
1741,-304.82548794489094,-157.0
1742,-304.54503729202526,184.0
1743,-304.31880733944956,90.0
1744,-304.23954154727795,-166.0
1745,-304.2491408934708,-321.0
1746,-304.23010875787065,-271.0
1747,-304.0337528604119,39.0
1748,-303.90508862206974,-79.0
1749,-303.90628571428573,-306.0
1750,-303.7892632781268,-99.0
1751,-303.7996575342466,-322.0
1752,-303.7934968625214,-293.0
1753,-303.84834663626,-400.0
1754,-303.3452991452991,579.0
1755,-303.2579726651481,-150.0
1756,-303.26237905520776,-311.0
1757,-303.1996587030717,-193.0
1758,-303.18021603183627,-269.0
1759,-303.0511363636364,-76.0
1760,-302.91311754684835,-60.0
1761,-302.549943246311,337.0
1762,-302.47702779353375,-174.0
1763,-302.452947845805,-260.0
1764,-302.40226628895186,-213.0
1765,-302.17383918459797,101.0
1766,-302.16411997736276,-285.0
1767,-302.11255656108597,-211.0
1768,-302.07235726399097,-231.0
1769,-302.0129943502825,-197.0
1770,-301.944099378882,-180.0
1771,-301.9706546275395,-349.0
1772,-301.74393683023123,100.0
1773,-301.74069898534384,-296.0
1774,-301.76901408450703,-352.0
1775,-301.46565315315314,237.0
1776,-301.1367473269555,283.0
1777,-301.169853768279,-360.0
1778,-301.1838111298482,-326.0
1779,-301.19662921348316,-324.0
1780,-301.05839416058393,-55.0
1781,-301.1161616161616,-404.0
1782,-301.05440269209197,-191.0
1783,-301.08239910313904,-351.0
1784,-301.01960784313724,-189.0
1785,-300.8152295632699,64.0
1786,-300.72355903749303,-137.0
1787,-300.7013422818792,-261.0
1788,-300.5634432643935,-54.0
1789,-300.7709497206704,-672.0
1790,-300.74148520379674,-248.0
1791,-300.59486607142856,-38.0
1792,-300.5733407696598,-262.0
1793,-300.29877369007806,192.0
1794,-300.2818941504178,-270.0
1795,-300.1275055679287,-23.0
1796,-300.1313299944352,-307.0
1797,-299.98776418242494,-42.0
1798,-299.9905503057254,-305.0
1799,-299.9194444444444,-172.0
1800,-299.8978345363687,-261.0
1801,-299.87402885682576,-257.0
1802,-299.8330560177482,-226.0
1803,-299.5521064301552,207.0
1804,-299.2476454293629,250.0
1805,-299.234219269103,-275.0
1806,-299.2722744881018,-368.0
1807,-299.19856194690266,-166.0
1808,-299.024322830293,16.0
1809,-298.8668508287293,-14.0
1810,-298.6918829376035,18.0
1811,-298.6280353200883,-183.0
1812,-298.54660783232214,-151.0
1813,-298.44432194046306,-113.0
1814,-298.40495867768595,-227.0
1815,-298.25660792951544,-29.0
1816,-298.29994496422677,-377.0
1817,-298.16611661166115,-55.0
1818,-298.13743815283124,-246.0
1819,-298.18186813186816,-379.0
1820,-298.05985722130697,-76.0
1821,-297.7502744237102,266.0
1822,-297.6280855732309,-75.0
1823,-297.624451754386,-291.0
1824,-297.6794520547945,-398.0
1825,-297.5848849945236,-125.0
1826,-297.40831964969897,25.0
1827,-297.4294310722101,-336.0
1828,-297.4089666484418,-260.0
1829,-297.2672131147541,-38.0
1830,-297.1185144729656,-25.0
1831,-297.14028384279476,-337.0
1832,-297.09765411893073,-219.0
1833,-297.164667393675,-420.0
1834,-297.0926430517711,-165.0
1835,-296.94553376906316,-27.0
1836,-296.9499183451279,-305.0
1837,-296.8531011969532,-119.0
1838,-296.699836867863,-15.0
1839,-296.6673913043478,-237.0
1840,-296.671917436176,-305.0
1841,-296.443539630836,124.0
1842,-296.2821486706457,1.0
1843,-296.2830802603037,-298.0
1844,-296.0411924119241,150.0
1845,-295.76868905742145,207.0
1846,-295.79534380075796,-345.0
1847,-295.66179653679654,-49.0
1848,-295.6998377501352,-366.0
1849,-295.5616216216216,-40.0
1850,-295.5867098865478,-342.0
1851,-295.3855291576674,77.0
1852,-295.12250404749057,192.0
1853,-295.10302049622436,-259.0
1854,-295.0819407008086,-256.0
1855,-295.1271551724138,-379.0
1856,-295.0086160473883,-75.0
1857,-294.9031216361679,-99.0
1858,-294.8047337278106,-112.0
1859,-294.69408602150537,-89.0
1860,-294.7125201504567,-329.0
1861,-294.3641245972073,354.0
1862,-294.37949543746646,-323.0
1863,-293.99195278969955,428.0
1864,-293.8970509383378,-117.0
1865,-293.6838156484459,104.0
1866,-293.6389930369577,-210.0
1867,-293.56905781584584,-163.0
1868,-293.4398073836276,-52.0
1869,-293.37860962566845,-179.0
1870,-293.3896312132549,-314.0
1871,-293.1623931623932,132.0
1872,-293.0165509877202,-20.0
1873,-292.7251867662753,253.0
1874,-292.61013333333335,-77.0
1875,-292.453091684435,2.0
1876,-292.45604688332446,-298.0
1877,-292.3423855165069,-79.0
1878,-292.27727514635444,-170.0
1879,-292.02021276595747,191.0
1880,-291.8633705475811,3.0
1881,-291.59670563230605,210.0
1882,-291.3797132235794,117.0
1883,-291.3312101910828,-200.0
1884,-291.3294429708223,-288.0
1885,-291.24867444326617,-139.0
1886,-291.1785903550609,-159.0
1887,-291.00529661016947,36.0
1888,-290.91212281630493,-115.0
1889,-290.74867724867727,18.0
1890,-290.6134320465362,-35.0
1891,-290.4334038054968,50.0
1892,-290.53988378235607,-492.0
1893,-290.5063357972545,-227.0
1894,-290.42110817941955,-129.0
1895,-290.3955696202532,-242.0
1896,-290.367422245651,-237.0
1897,-290.34668071654374,-251.0
1898,-290.25434439178514,-115.0
1899,-290.10842105263157,-13.0
1900,-290.0752235665439,-227.0
1901,-289.5294426919033,748.0
1902,-289.5223331581713,-276.0
1903,-289.3954831932773,-48.0
1904,-289.38372703412074,-267.0
1905,-289.2722980062959,-77.0
1906,-289.2155217619297,-181.0
1907,-289.24266247379455,-341.0
1908,-289.2367731796752,-278.0
1909,-289.15759162303664,-138.0
1910,-289.1470434327577,-269.0
1911,-288.9958158995816,0.0
1912,-288.76006272869836,162.0
1913,-288.5266457680251,158.0
1914,-288.4579634464752,-157.0
1915,-288.3074112734864,0.0
1916,-288.3453312467397,-361.0
1917,-288.17726798748697,34.0
1918,-288.2173006774362,-365.0
1919,-288.17395833333336,-205.0
1920,-288.1504424778761,-243.0
1921,-287.98283038501563,34.0
1922,-287.92251690067604,-172.0
1923,-287.7863825363825,-26.0
1924,-287.6290909090909,15.0
1925,-287.39304257528556,167.0
1926,-287.13492475350284,210.0
1927,-287.152489626556,-321.0
1928,-287.18092275790565,-342.0
1929,-287.0958549222798,-123.0
1930,-287.0704298291041,-238.0
1931,-286.9301242236025,-16.0
1932,-286.85876875323333,-149.0
1933,-286.5941054808687,225.0
1934,-286.421188630491,48.0
1935,-286.40030991735534,-246.0
1936,-286.2700051626226,-34.0
1937,-286.2765737874097,-299.0
1938,-286.25064466219703,-236.0
1939,-286.05721649484536,89.0
1940,-285.9062339000515,7.0
1941,-285.95108135942326,-373.0
1942,-285.8049408131755,-2.0
1943,-285.7078189300411,-97.0
1944,-285.73984575835476,-348.0
1945,-285.73021582733816,-267.0
1946,-285.6445814072933,-119.0
1947,-285.46868583162217,57.0
1948,-285.2319138019497,176.0
1949,-285.23846153846154,-298.0
1950,-285.15171706817017,-116.0
1951,-284.91188524590166,183.0
1952,-284.93087557603684,-322.0
1953,-284.5813715455476,398.0
1954,-284.3652173913043,138.0
1955,-284.11605316973413,203.0
1956,-283.9683188553909,5.0
1957,-283.75434116445354,135.0
1958,-283.76620724859623,-307.0
1959,-283.5979591836735,46.0
1960,-283.3646098929118,174.0
1961,-283.1539245667686,130.0
1962,-283.10035659704533,-178.0
1963,-283.0723014256619,-228.0
1964,-283.07379134860054,-286.0
1965,-282.8056968463886,244.0
1966,-282.687849517031,-51.0
1967,-282.2662601626016,547.0
1968,-282.2290502793296,-209.0
1969,-282.1020304568528,-32.0
1970,-281.923896499239,69.0
1971,-281.8422920892495,-121.0
1972,-281.6898124683224,19.0
1973,-281.5227963525836,48.0
1974,-281.5453164556962,-326.0
1975,-281.30263157894734,198.0
1976,-281.2346990389479,-147.0
1977,-280.9550050556117,272.0
1978,-280.98837796867105,-347.0
1979,-280.97474747474746,-254.0
1980,-280.8838970217062,-101.0
1981,-280.89303733602424,-299.0
1982,-280.75995965708523,-17.0
1983,-280.62298387096774,-9.0
1984,-280.6287153652393,-292.0
1985,-280.28147029204433,409.0
1986,-280.10820332159034,64.0
1987,-279.8480885311871,237.0
1988,-279.693313222725,28.0
1989,-279.63065326633165,-155.0
1990,-279.47714716223004,26.0
1991,-279.3192771084337,35.0
1992,-279.4154540893126,-471.0
1993,-279.2928786359077,-35.0
1994,-279.26967418546366,-233.0
1995,-279.12525050100203,9.0
1996,-278.9514271407111,68.0
1997,-278.7077077077077,208.0
1998,-278.6863431715858,-236.0
1999,-278.689,-284.0
